"Gene","CancerType","Abbreviation","CancerMajorGroup","LogRankResult","PrognosticStatus"
"ABI3","Kidney Renal Clear Cell Carcinoma","KIRC","Kidney","0.0001901","Favorable"
"ACP5","Kidney Renal Clear Cell Carcinoma","KIRC","Kidney","2.546e-05","Favorable"
"ACTB","Kidney Renal Clear Cell Carcinoma, Liver Hepatocellular Carcinoma, Lung Adenocarcinoma","KIRC, LIHC, LUAD","Kidney, Liver, Lung","0.0001314, 0.0003369, 4.83e-06","Unfavorable, Unfavorable, Unfavorable"
"ACTG1","Cervical Squamous Cell Carcinoma and Endocervical Adenocarcinoma, Colon Adenocarcinoma, Liver Hepatocellular Carcinoma","CESC, COAD, LIHC","Female, Intestine, Liver","0.0003411, 0.0007784, 0.0003647","Favorable, Favorable, Unfavorable"
"ADAM8","Kidney Renal Clear Cell Carcinoma","KIRC","Kidney","1.264e-07","Unfavorable"
"ADAR","Kidney Renal Clear Cell Carcinoma","KIRC","Kidney","1.831e-06","Favorable"
"ADGRE1","Head and Neck Squamous Cell Carcinoma","HNSC","Head and Neck","6.34e-05","Unfavorable"
"ADGRG1","Kidney Renal Clear Cell Carcinoma, Breast Invasive Carcinoma","KIRC, BRCA","Kidney, Female","7.892e-06, 0.0005618","Favorable, Unfavorable"
"ADGRG3","Liver Hepatocellular Carcinoma","LIHC","Liver","0.0002017","Unfavorable"
"ADORA2A","Head and Neck Squamous Cell Carcinoma, Kidney Renal Clear Cell Carcinoma, Pancreatic Adenocarcinoma","HNSC, KIRC, PAAD","Head and Neck, Kidney, Pancreas","0.0003954, 0.0005346, 0.0005231","Favorable, Favorable, Favorable"
"ADORA2B","Kidney Renal Clear Cell Carcinoma","KIRC","Kidney","1.038e-10","Unfavorable"
"ADORA3","Kidney Renal Papillary Cell Carcinoma, Thyroid Carcinoma","KIRP, THCA","Kidney, Thyroid gland","0.0002018, 3.201e-05","Favorable, Favorable"
"AGR2","Bladder Urothelial Carcinoma, Pancreatic Adenocarcinoma, Kidney Renal Clear Cell Carcinoma, Liver Hepatocellular Carcinoma","BLCA, PAAD, KIRC, LIHC","Urinary Bladder, Pancreas, Kidney, Liver","0.0007711, 0.0005645, 3.942e-05, 3.396e-05","Favorable, Favorable, Unfavorable, Unfavorable"
"AIF1","Cervical Squamous Cell Carcinoma and Endocervical Adenocarcinoma, Testicular Germ Cell Tumor","CESC, TGCT","Female, Male","0.0006646, 0.0004535","Favorable, Unfavorable"
"AK5","Uterine Corpus Endometrial Carcinoma","UCEC","Female","0.0007855","Unfavorable"
"ALOX5AP","Kidney Chromophobe","KICH","Kidney","0.0004163","Unfavorable"
"ANGPTL4","Kidney Renal Clear Cell Carcinoma, Glioblastoma Multiforme, Lung Adenocarcinoma","KIRC, GBM, LUAD","Kidney, Brain, Lung","2.222e-05, 0.0001485, 0.0001441","Favorable, Unfavorable, Unfavorable"
"AP1S2","Kidney Renal Clear Cell Carcinoma, Ovary Serous Cystadenocarcinoma, Liver Hepatocellular Carcinoma","KIRC, OV, LIHC","Kidney, Female, Liver","0.0003595, 0.0006478, 0.0002325","Favorable, Favorable, Unfavorable"
"APOBEC3A","Uterine Corpus Endometrial Carcinoma","UCEC","Female","0.0003944","Unfavorable"
"APOBR","Rectum Adenocarcinoma","READ","Intestine","0.0006846","Unfavorable"
"AQP9","Liver Hepatocellular Carcinoma, Glioblastoma Multiforme, Kidney Renal Clear Cell Carcinoma, Rectum Adenocarcinoma","LIHC, GBM, KIRC, READ","Liver, Brain, Kidney, Intestine","0.0008707, 0.0008851, 7.3e-05, 0.0006449","Favorable, Unfavorable, Unfavorable, Unfavorable"
"ARAP3","Kidney Renal Clear Cell Carcinoma, Liver Hepatocellular Carcinoma","KIRC, LIHC","Kidney, Liver","0.000959, 0.0005995","Favorable, Favorable"
"ASGR1","Liver Hepatocellular Carcinoma, Kidney Renal Clear Cell Carcinoma, Thyroid Carcinoma","LIHC, KIRC, THCA","Liver, Kidney, Thyroid gland","0.000946, 6.165e-11, 0.0004432","Favorable, Unfavorable, Unfavorable"
"ASGR2","Breast Invasive Carcinoma, Liver Hepatocellular Carcinoma","BRCA, LIHC","Female, Liver","0.0001267, 0.0008293","Favorable, Favorable"
"ASPRV1","Kidney Renal Clear Cell Carcinoma","KIRC","Kidney","0.0001402","Favorable"
"ATF4","Head and Neck Squamous Cell Carcinoma, Liver Hepatocellular Carcinoma","HNSC, LIHC","Head and Neck, Liver","0.000947, 0.0005208","Unfavorable, Unfavorable"
"ATG4B","Liver Hepatocellular Carcinoma, Rectum Adenocarcinoma","LIHC, READ","Liver, Intestine","7.735e-07, 0.0005716","Unfavorable, Unfavorable"
"ATG5","Head and Neck Squamous Cell Carcinoma","HNSC","Head and Neck","0.0003811","Unfavorable"
"ATG7","Kidney Renal Clear Cell Carcinoma, Kidney Chromophobe, Liver Hepatocellular Carcinoma, Ovary Serous Cystadenocarcinoma","KIRC, KICH, LIHC, OV","Kidney, Kidney, Liver, Female","1.693e-05, 5.023e-05, 0.0007441, 0.0007435","Favorable, Unfavorable, Unfavorable, Unfavorable"
"ATP2A2","Kidney Renal Clear Cell Carcinoma, Pancreatic Adenocarcinoma","KIRC, PAAD","Kidney, Pancreas","1.992e-05, 0.0009822","Favorable, Unfavorable"
"ATP5MJ","Cervical Squamous Cell Carcinoma and Endocervical Adenocarcinoma","CESC","Female","0.000872","Favorable"
"B2M","Kidney Renal Clear Cell Carcinoma","KIRC","Kidney","0.0001032","Favorable"
"B3GNT8","Pancreatic Adenocarcinoma, Kidney Renal Clear Cell Carcinoma","PAAD, KIRC","Pancreas, Kidney","3.074e-05, 0.0002007","Favorable, Unfavorable"
"BMAL1","Glioblastoma Multiforme","GBM","Brain","0.0006885","Unfavorable"
"BMP6","Kidney Renal Clear Cell Carcinoma, Lung Adenocarcinoma","KIRC, LUAD","Kidney, Lung","1.528e-07, 0.0003092","Favorable, Favorable"
"BST1","Kidney Renal Clear Cell Carcinoma, Stomach Adenocarcinoma","KIRC, STAD","Kidney, Intestine","1.516e-05, 0.0002786","Favorable, Unfavorable"
"C1QA","Testicular Germ Cell Tumor","TGCT","Male","0.0009892","Unfavorable"
"C5AR1","Glioblastoma Multiforme, Ovary Serous Cystadenocarcinoma","GBM, OV","Brain, Female","0.0008661, 0.0004304","Unfavorable, Unfavorable"
"CALM2","Kidney Renal Clear Cell Carcinoma, Breast Invasive Carcinoma, Liver Hepatocellular Carcinoma, Pancreatic Adenocarcinoma, Rectum Adenocarcinoma","KIRC, BRCA, LIHC, PAAD, READ","Kidney, Female, Liver, Pancreas, Intestine","4.415e-05, 0.0005878, 7.523e-06, 0.0006652, 0.0007035","Favorable, Unfavorable, Unfavorable, Unfavorable, Unfavorable"
"CCL11","Head and Neck Squamous Cell Carcinoma","HNSC","Head and Neck","0.0003386","Favorable"
"CCL13","Kidney Renal Clear Cell Carcinoma","KIRC","Kidney","0.0004397","Unfavorable"
"CCL2","Glioblastoma Multiforme","GBM","Brain","0.0002235","Unfavorable"
"CCL22","Head and Neck Squamous Cell Carcinoma","HNSC","Head and Neck","0.0003249","Favorable"
"CCL26","Kidney Renal Clear Cell Carcinoma","KIRC","Kidney","0.0008553","Unfavorable"
"CCL3","Skin Cuteneous Melanoma","SKCM","Skin","9.489e-05","Favorable"
"CCL4","Skin Cuteneous Melanoma","SKCM","Skin","1.187e-05","Favorable"
"CCL7","Glioblastoma Multiforme, Lung Adenocarcinoma","GBM, LUAD","Brain, Lung","0.0007575, 0.000486","Unfavorable, Unfavorable"
"CCNI","Kidney Renal Clear Cell Carcinoma, Lung Adenocarcinoma","KIRC, LUAD","Kidney, Lung","4.854e-06, 0.0007015","Favorable, Unfavorable"
"CCR2","Lung Adenocarcinoma","LUAD","Lung","6.577e-07","Favorable"
"CCR6","Head and Neck Squamous Cell Carcinoma, Lung Adenocarcinoma","HNSC, LUAD","Head and Neck, Lung","6.46e-05, 0.0006019","Favorable, Favorable"
"CCR7","Cervical Squamous Cell Carcinoma and Endocervical Adenocarcinoma, Head and Neck Squamous Cell Carcinoma, Lung Adenocarcinoma","CESC, HNSC, LUAD","Female, Head and Neck, Lung","1.364e-05, 3.694e-06, 0.0005438","Favorable, Favorable, Favorable"
"CD14","Liver Hepatocellular Carcinoma","LIHC","Liver","0.0001845","Favorable"
"CD151","Glioblastoma Multiforme, Liver Hepatocellular Carcinoma, Lung Squamous Cell Carcinoma","GBM, LIHC, LUSC","Brain, Liver, Lung","9.682e-05, 0.0001862, 5.097e-05","Unfavorable, Unfavorable, Unfavorable"
"CD163","Lung Adenocarcinoma","LUAD","Lung","0.0005225","Unfavorable"
"CD1C","Kidney Renal Clear Cell Carcinoma","KIRC","Kidney","0.0001097","Favorable"
"CD1D","Lung Adenocarcinoma","LUAD","Lung","0.0001056","Favorable"
"CD2","Head and Neck Squamous Cell Carcinoma, Skin Cuteneous Melanoma","HNSC, SKCM","Head and Neck, Skin","0.0006358, 0.0001866","Favorable, Favorable"
"CD24","Rectum Adenocarcinoma, Breast Invasive Carcinoma, Liver Hepatocellular Carcinoma","READ, BRCA, LIHC","Intestine, Female, Liver","0.0008252, 1.149e-07, 0.0001283","Favorable, Unfavorable, Unfavorable"
"CD274","Kidney Renal Clear Cell Carcinoma","KIRC","Kidney","0.0009501","Favorable"
"CD36","Breast Invasive Carcinoma, Kidney Renal Clear Cell Carcinoma, Stomach Adenocarcinoma","BRCA, KIRC, STAD","Female, Kidney, Intestine","0.0007857, 3.022e-05, 0.0004164","Favorable, Favorable, Unfavorable"
"CD44","Kidney Renal Clear Cell Carcinoma","KIRC","Kidney","0.0002086","Unfavorable"
"CD52","Breast Invasive Carcinoma, Cervical Squamous Cell Carcinoma and Endocervical Adenocarcinoma","BRCA, CESC","Female, Female","0.0003694, 0.0009723","Favorable, Favorable"
"CD63","Glioblastoma Multiforme, Liver Hepatocellular Carcinoma, Rectum Adenocarcinoma","GBM, LIHC, READ","Brain, Liver, Intestine","0.0009316, 0.0001795, 4.969e-05","Unfavorable, Unfavorable, Unfavorable"
"CD69","Breast Invasive Carcinoma, Rectum Adenocarcinoma","BRCA, READ","Female, Intestine","0.0005401, 0.0004169","Favorable, Favorable"
"CD74","Breast Invasive Carcinoma","BRCA","Female","8.004e-05","Favorable"
"CD81","Kidney Renal Clear Cell Carcinoma, Glioblastoma Multiforme","KIRC, GBM","Kidney, Brain","5.005e-05, 0.0003349","Favorable, Unfavorable"
"CD9","Kidney Renal Clear Cell Carcinoma, Lung Squamous Cell Carcinoma, Glioblastoma Multiforme, Pancreatic Adenocarcinoma","KIRC, LUSC, GBM, PAAD","Kidney, Lung, Brain, Pancreas","3.24e-05, 0.0008497, 0.0004963, 8.687e-05","Favorable, Favorable, Unfavorable, Unfavorable"
"CDA","Cervical Squamous Cell Carcinoma and Endocervical Adenocarcinoma, Pancreatic Adenocarcinoma","CESC, PAAD","Female, Pancreas","0.0007084, 1.053e-05","Unfavorable, Unfavorable"
"CEBPD","Bladder Urothelial Carcinoma, Breast Invasive Carcinoma, Kidney Chromophobe, Rectum Adenocarcinoma","BLCA, BRCA, KICH, READ","Urinary Bladder, Female, Kidney, Intestine","0.0003204, 0.0003625, 0.0009186, 0.0003468","Favorable, Favorable, Favorable, Favorable"
"CFP","Kidney Renal Clear Cell Carcinoma, Ovary Serous Cystadenocarcinoma","KIRC, OV","Kidney, Female","3.983e-07, 0.0007617","Favorable, Favorable"
"CHST15","Ovary Serous Cystadenocarcinoma","OV","Female","0.0001227","Unfavorable"
"CLEC12A","Lung Adenocarcinoma","LUAD","Lung","0.0003161","Favorable"
"CLEC4A","Cervical Squamous Cell Carcinoma and Endocervical Adenocarcinoma, Lung Adenocarcinoma","CESC, LUAD","Female, Lung","0.0005916, 0.0004772","Favorable, Favorable"
"CLOCK","Kidney Renal Clear Cell Carcinoma","KIRC","Kidney","8.541e-05","Favorable"
"CMIP","Kidney Renal Clear Cell Carcinoma, Colon Adenocarcinoma, Lung Adenocarcinoma, Thyroid Carcinoma","KIRC, COAD, LUAD, THCA","Kidney, Intestine, Lung, Thyroid gland","0.0001453, 0.0001052, 0.0004122, 0.0001177","Favorable, Unfavorable, Unfavorable, Unfavorable"
"COL8A2","Head and Neck Squamous Cell Carcinoma, Pancreatic Adenocarcinoma, Glioblastoma Multiforme, Ovary Serous Cystadenocarcinoma","HNSC, PAAD, GBM, OV","Head and Neck, Pancreas, Brain, Female","9e-04, 0.0007228, 0.0001519, 0.0002328","Favorable, Favorable, Unfavorable, Unfavorable"
"COLGALT1","Lung Adenocarcinoma","LUAD","Lung","0.0001839","Unfavorable"
"COTL1","Kidney Renal Papillary Cell Carcinoma, Thyroid Carcinoma","KIRP, THCA","Kidney, Thyroid gland","0.0005348, 0.0009373","Unfavorable, Unfavorable"
"CPA3","Kidney Renal Clear Cell Carcinoma","KIRC","Kidney","0.0002917","Favorable"
"CREBBP","Kidney Renal Clear Cell Carcinoma","KIRC","Kidney","0.0007463","Favorable"
"CSF1","Liver Hepatocellular Carcinoma","LIHC","Liver","7.754e-06","Unfavorable"
"CSF1R","Testicular Germ Cell Tumor","TGCT","Male","0.0005122","Unfavorable"
"CSF3R","Liver Hepatocellular Carcinoma, Testicular Germ Cell Tumor","LIHC, TGCT","Liver, Male","0.0008062, 0.0001703","Favorable, Unfavorable"
"CST3","Kidney Renal Papillary Cell Carcinoma, Pancreatic Adenocarcinoma, Lung Squamous Cell Carcinoma","KIRP, PAAD, LUSC","Kidney, Pancreas, Lung","6.171e-05, 0.0008502, 0.0006375","Favorable, Favorable, Unfavorable"
"CSTA","Head and Neck Squamous Cell Carcinoma, Glioblastoma Multiforme","HNSC, GBM","Head and Neck, Brain","0.0005575, 0.0004816","Favorable, Unfavorable"
"CTSB","Kidney Renal Clear Cell Carcinoma, Glioblastoma Multiforme, Kidney Chromophobe","KIRC, GBM, KICH","Kidney, Brain, Kidney","1.383e-05, 0.0008897, 0.0003228","Favorable, Unfavorable, Unfavorable"
"CTSL","Kidney Renal Clear Cell Carcinoma, Glioblastoma Multiforme, Head and Neck Squamous Cell Carcinoma, Lung Adenocarcinoma","KIRC, GBM, HNSC, LUAD","Kidney, Brain, Head and Neck, Lung","8.273e-12, 2.047e-06, 0.0002999, 1.559e-05","Favorable, Unfavorable, Unfavorable, Unfavorable"
"CTSS","Bladder Urothelial Carcinoma, Colon Adenocarcinoma, Pancreatic Adenocarcinoma, Lung Squamous Cell Carcinoma","BLCA, COAD, PAAD, LUSC","Urinary Bladder, Intestine, Pancreas, Lung","0.0009588, 0.0001993, 0.0008532, 0.0006904","Favorable, Favorable, Favorable, Unfavorable"
"CX3CR1","Kidney Renal Clear Cell Carcinoma","KIRC","Kidney","2.864e-06","Favorable"
"CXCL10","Ovary Serous Cystadenocarcinoma, Kidney Renal Papillary Cell Carcinoma, Pancreatic Adenocarcinoma","OV, KIRP, PAAD","Female, Kidney, Pancreas","0.0008592, 0.0003776, 0.0002037","Favorable, Unfavorable, Unfavorable"
"CXCL3","Bladder Urothelial Carcinoma, Cervical Squamous Cell Carcinoma and Endocervical Adenocarcinoma","BLCA, CESC","Urinary Bladder, Female","0.0009696, 0.0001066","Unfavorable, Unfavorable"
"CXCL5","Cervical Squamous Cell Carcinoma and Endocervical Adenocarcinoma, Glioblastoma Multiforme, Kidney Renal Clear Cell Carcinoma, Liver Hepatocellular Carcinoma, Pancreatic Adenocarcinoma","CESC, GBM, KIRC, LIHC, PAAD","Female, Brain, Kidney, Liver, Pancreas","0.0005939, 0.0003859, 4.544e-06, 0.0001485, 0.0005106","Unfavorable, Unfavorable, Unfavorable, Unfavorable, Unfavorable"
"CXCL8","Cervical Squamous Cell Carcinoma and Endocervical Adenocarcinoma, Glioblastoma Multiforme, Kidney Renal Clear Cell Carcinoma, Liver Hepatocellular Carcinoma","CESC, GBM, KIRC, LIHC","Female, Brain, Kidney, Liver","4.738e-06, 0.0009059, 0.0009142, 1.409e-05","Unfavorable, Unfavorable, Unfavorable, Unfavorable"
"CXCR4","Stomach Adenocarcinoma","STAD","Intestine","0.0006568","Unfavorable"
"CYP1B1","Glioblastoma Multiforme, Stomach Adenocarcinoma","GBM, STAD","Brain, Intestine","0.0006866, 6.336e-05","Unfavorable, Unfavorable"
"CYP27A1","Breast Invasive Carcinoma, Kidney Renal Clear Cell Carcinoma, Kidney Renal Papillary Cell Carcinoma, Liver Hepatocellular Carcinoma, Ovary Serous Cystadenocarcinoma, Glioblastoma Multiforme","BRCA, KIRC, KIRP, LIHC, OV, GBM","Female, Kidney, Kidney, Liver, Female, Brain","0.0003423, 1.032e-07, 3.876e-05, 0.0003308, 0.0009837, 9.218e-08","Favorable, Favorable, Favorable, Favorable, Favorable, Unfavorable"
"DACH1","Kidney Renal Clear Cell Carcinoma","KIRC","Kidney","0.0006005","Favorable"
"DGAT2","Pancreatic Adenocarcinoma, Kidney Renal Papillary Cell Carcinoma","PAAD, KIRP","Pancreas, Kidney","4.839e-05, 9.353e-05","Favorable, Unfavorable"
"DUSP1","Kidney Renal Clear Cell Carcinoma, Stomach Adenocarcinoma","KIRC, STAD","Kidney, Intestine","0.0004688, 1.219e-05","Favorable, Unfavorable"
"DYSF","Kidney Renal Clear Cell Carcinoma, Liver Hepatocellular Carcinoma","KIRC, LIHC","Kidney, Liver","0.0005044, 0.0007348","Favorable, Favorable"
"EIF2AK3","Kidney Renal Clear Cell Carcinoma","KIRC","Kidney","4.483e-06","Favorable"
"EIF3E","Glioblastoma Multiforme, Kidney Renal Clear Cell Carcinoma, Liver Hepatocellular Carcinoma","GBM, KIRC, LIHC","Brain, Kidney, Liver","0.0009814, 2.304e-07, 0.0003395","Favorable, Unfavorable, Unfavorable"
"EIF3M","Kidney Renal Clear Cell Carcinoma, Bladder Urothelial Carcinoma, Liver Hepatocellular Carcinoma, Lung Adenocarcinoma, Pancreatic Adenocarcinoma","KIRC, BLCA, LIHC, LUAD, PAAD","Kidney, Urinary Bladder, Liver, Lung, Pancreas","2.395e-05, 5.07e-05, 1.101e-07, 0.0002212, 5.448e-05","Favorable, Unfavorable, Unfavorable, Unfavorable, Unfavorable"
"ENG","Kidney Renal Clear Cell Carcinoma, Liver Hepatocellular Carcinoma","KIRC, LIHC","Kidney, Liver","7.869e-05, 3.873e-05","Favorable, Favorable"
"ENTPD1","Kidney Renal Clear Cell Carcinoma, Rectum Adenocarcinoma, Ovary Serous Cystadenocarcinoma","KIRC, READ, OV","Kidney, Intestine, Female","0.000264, 0.0002549, 4.996e-05","Favorable, Favorable, Unfavorable"
"EP300","Kidney Renal Clear Cell Carcinoma","KIRC","Kidney","1.505e-05","Favorable"
"ERN1","Cervical Squamous Cell Carcinoma and Endocervical Adenocarcinoma","CESC","Female","0.0005977","Unfavorable"
"ETS1","Kidney Renal Clear Cell Carcinoma","KIRC","Kidney","9.896e-05","Favorable"
"F2R","Kidney Renal Papillary Cell Carcinoma","KIRP","Kidney","1.675e-05","Unfavorable"
"F2RL1","Kidney Renal Clear Cell Carcinoma, Liver Hepatocellular Carcinoma, Head and Neck Squamous Cell Carcinoma, Lung Adenocarcinoma","KIRC, LIHC, HNSC, LUAD","Kidney, Liver, Head and Neck, Lung","1.902e-13, 0.0004525, 0.0009838, 0.0001715","Favorable, Favorable, Unfavorable, Unfavorable"
"FABP5","Glioblastoma Multiforme, Kidney Renal Clear Cell Carcinoma, Liver Hepatocellular Carcinoma","GBM, KIRC, LIHC","Brain, Kidney, Liver","0.0007284, 0.0003425, 3.257e-06","Unfavorable, Unfavorable, Unfavorable"
"FAS","Kidney Renal Clear Cell Carcinoma, Liver Hepatocellular Carcinoma, Glioblastoma Multiforme, Pancreatic Adenocarcinoma","KIRC, LIHC, GBM, PAAD","Kidney, Liver, Brain, Pancreas","8.861e-06, 0.0008912, 0.0006969, 0.0001096","Favorable, Favorable, Unfavorable, Unfavorable"
"FCER1A","Kidney Renal Clear Cell Carcinoma","KIRC","Kidney","3.036e-05","Favorable"
"FCER1G","Kidney Renal Clear Cell Carcinoma","KIRC","Kidney","0.0007573","Unfavorable"
"FCGR2A","Ovary Serous Cystadenocarcinoma","OV","Female","0.0003028","Unfavorable"
"FES","Ovary Serous Cystadenocarcinoma, Rectum Adenocarcinoma, Colon Adenocarcinoma, Glioblastoma Multiforme, Skin Cuteneous Melanoma","OV, READ, COAD, GBM, SKCM","Female, Intestine, Intestine, Brain, Skin","0.0007773, 0.0001601, 0.0003747, 0.0006658, 0.0003759","Favorable, Favorable, Unfavorable, Unfavorable, Unfavorable"
"FFAR2","Breast Invasive Carcinoma","BRCA","Female","0.0009658","Unfavorable"
"FHL3","Liver Hepatocellular Carcinoma, Lung Adenocarcinoma","LIHC, LUAD","Liver, Lung","6.924e-05, 1.538e-06","Unfavorable, Unfavorable"
"FOSB","Breast Invasive Carcinoma, Kidney Renal Clear Cell Carcinoma","BRCA, KIRC","Female, Kidney","0.000263, 3.977e-08","Favorable, Favorable"
"FOXQ1","Bladder Urothelial Carcinoma, Breast Invasive Carcinoma, Kidney Renal Papillary Cell Carcinoma","BLCA, BRCA, KIRP","Urinary Bladder, Female, Kidney","0.0002539, 0.0005767, 0.0006995","Favorable, Favorable, Favorable"
"FPR1","Ovary Serous Cystadenocarcinoma","OV","Female","0.0004928","Unfavorable"
"FTH1","Head and Neck Squamous Cell Carcinoma, Kidney Renal Clear Cell Carcinoma, Liver Hepatocellular Carcinoma","HNSC, KIRC, LIHC","Head and Neck, Kidney, Liver","0.0004668, 0.0001517, 5.578e-05","Unfavorable, Unfavorable, Unfavorable"
"FZD2","Kidney Renal Clear Cell Carcinoma","KIRC","Kidney","0.0004025","Unfavorable"
"GART","Kidney Renal Clear Cell Carcinoma, Liver Hepatocellular Carcinoma, Pancreatic Adenocarcinoma","KIRC, LIHC, PAAD","Kidney, Liver, Pancreas","8.537e-05, 0.0008449, 0.0009366","Favorable, Unfavorable, Unfavorable"
"GASK1B","Kidney Renal Clear Cell Carcinoma, Stomach Adenocarcinoma","KIRC, STAD","Kidney, Intestine","5.39e-06, 0.0003067","Favorable, Unfavorable"
"GATA3","Kidney Renal Papillary Cell Carcinoma","KIRP","Kidney","0.0001041","Unfavorable"
"GBP1","Liver Hepatocellular Carcinoma, Ovary Serous Cystadenocarcinoma, Kidney Renal Papillary Cell Carcinoma","LIHC, OV, KIRP","Liver, Female, Kidney","2.295e-05, 2.215e-05, 2.031e-05","Favorable, Favorable, Unfavorable"
"GGT5","Liver Hepatocellular Carcinoma, Stomach Adenocarcinoma","LIHC, STAD","Liver, Intestine","0.0002605, 0.0003277","Favorable, Unfavorable"
"GLRX","Kidney Renal Clear Cell Carcinoma, Uterine Corpus Endometrial Carcinoma","KIRC, UCEC","Kidney, Female","1.582e-07, 0.0009709","Favorable, Unfavorable"
"GLUL","Bladder Urothelial Carcinoma, Cervical Squamous Cell Carcinoma and Endocervical Adenocarcinoma","BLCA, CESC","Urinary Bladder, Female","0.0009754, 0.0001644","Favorable, Favorable"
"GPC4","Kidney Renal Clear Cell Carcinoma, Kidney Renal Papillary Cell Carcinoma","KIRC, KIRP","Kidney, Kidney","4.35e-07, 0.0002377","Favorable, Favorable"
"GPR68","Kidney Renal Clear Cell Carcinoma","KIRC","Kidney","0.0003893","Unfavorable"
"GPX4","Liver Hepatocellular Carcinoma","LIHC","Liver","0.0001529","Unfavorable"
"GSDMD","Pancreatic Adenocarcinoma","PAAD","Pancreas","0.0009542","Unfavorable"
"GSN","Kidney Renal Clear Cell Carcinoma","KIRC","Kidney","5.643e-05","Favorable"
"GTF2H1","Liver Hepatocellular Carcinoma","LIHC","Liver","2.751e-09","Unfavorable"
"GUSB","Kidney Renal Clear Cell Carcinoma, Glioblastoma Multiforme","KIRC, GBM","Kidney, Brain","1.594e-05, 0.0004193","Favorable, Unfavorable"
"H1-2","Cervical Squamous Cell Carcinoma and Endocervical Adenocarcinoma, Pancreatic Adenocarcinoma","CESC, PAAD","Female, Pancreas","0.000663, 0.0003386","Favorable, Unfavorable"
"HBB","Kidney Renal Clear Cell Carcinoma","KIRC","Kidney","1.057e-06","Favorable"
"HDAC1","Pancreatic Adenocarcinoma, Kidney Chromophobe, Liver Hepatocellular Carcinoma","PAAD, KICH, LIHC","Pancreas, Kidney, Liver","0.0006221, 0.0007144, 0.000443","Favorable, Unfavorable, Unfavorable"
"HDAC2","Kidney Renal Clear Cell Carcinoma, Breast Invasive Carcinoma, Kidney Chromophobe, Liver Hepatocellular Carcinoma","KIRC, BRCA, KICH, LIHC","Kidney, Female, Kidney, Liver","5.893e-06, 0.0002163, 4.741e-05, 2.647e-05","Favorable, Unfavorable, Unfavorable, Unfavorable"
"HDAC3","Colon Adenocarcinoma, Kidney Renal Clear Cell Carcinoma, Liver Hepatocellular Carcinoma","COAD, KIRC, LIHC","Intestine, Kidney, Liver","0.0002314, 1.371e-06, 0.0003768","Favorable, Favorable, Unfavorable"
"HIF1A","Ovary Serous Cystadenocarcinoma","OV","Female","0.0009151","Unfavorable"
"HK3","Pancreatic Adenocarcinoma","PAAD","Pancreas","0.0009765","Unfavorable"
"HLA-DMA","Head and Neck Squamous Cell Carcinoma","HNSC","Head and Neck","0.0003885","Favorable"
"HLA-DPA1","Kidney Renal Clear Cell Carcinoma","KIRC","Kidney","0.0009902","Favorable"
"HLA-DPB1","Kidney Renal Clear Cell Carcinoma, Liver Hepatocellular Carcinoma","KIRC, LIHC","Kidney, Liver","0.0002312, 0.0006901","Favorable, Unfavorable"
"HLA-DQB1","Lung Adenocarcinoma","LUAD","Lung","0.0009392","Favorable"
"HLA-DRA","Breast Invasive Carcinoma","BRCA","Female","0.000259","Favorable"
"HMGB2","Kidney Renal Papillary Cell Carcinoma, Liver Hepatocellular Carcinoma, Lung Adenocarcinoma","KIRP, LIHC, LUAD","Kidney, Liver, Lung","1.803e-05, 4.122e-05, 7.388e-05","Unfavorable, Unfavorable, Unfavorable"
"HMOX1","Kidney Renal Clear Cell Carcinoma, Liver Hepatocellular Carcinoma","KIRC, LIHC","Kidney, Liver","6.73e-05, 0.0001875","Favorable, Unfavorable"
"HNMT","Kidney Renal Clear Cell Carcinoma, Pancreatic Adenocarcinoma","KIRC, PAAD","Kidney, Pancreas","1.234e-10, 0.0006298","Favorable, Unfavorable"
"HPSE","Uterine Corpus Endometrial Carcinoma","UCEC","Female","0.0002658","Unfavorable"
"HRH1","Lung Adenocarcinoma, Pancreatic Adenocarcinoma","LUAD, PAAD","Lung, Pancreas","2.636e-05, 3.932e-05","Unfavorable, Unfavorable"
"HRH2","Kidney Renal Clear Cell Carcinoma, Kidney Chromophobe","KIRC, KICH","Kidney, Kidney","2.229e-05, 0.0009678","Favorable, Unfavorable"
"HSD17B11","Kidney Renal Clear Cell Carcinoma, Pancreatic Adenocarcinoma","KIRC, PAAD","Kidney, Pancreas","9.542e-07, 0.0004944","Favorable, Unfavorable"
"HSPA5","Kidney Renal Clear Cell Carcinoma, Bladder Urothelial Carcinoma, Glioblastoma Multiforme, Kidney Renal Papillary Cell Carcinoma","KIRC, BLCA, GBM, KIRP","Kidney, Urinary Bladder, Brain, Kidney","0.0005833, 0.0003207, 0.0004367, 0.0001042","Favorable, Unfavorable, Unfavorable, Unfavorable"
"HSPD1","Kidney Renal Clear Cell Carcinoma, Liver Hepatocellular Carcinoma, Lung Adenocarcinoma","KIRC, LIHC, LUAD","Kidney, Liver, Lung","5.633e-05, 1.87e-06, 0.0004857","Favorable, Unfavorable, Unfavorable"
"ICAM3","Bladder Urothelial Carcinoma, Head and Neck Squamous Cell Carcinoma","BLCA, HNSC","Urinary Bladder, Head and Neck","0.0003412, 0.0001819","Favorable, Favorable"
"ICOSLG","Breast Invasive Carcinoma, Pancreatic Adenocarcinoma, Breast Invasive Carcinoma","BRCA, PAAD, BRCA","Female, Pancreas, Female","0.0006383, 0.0006071, 0.0002849","Favorable, Favorable, Unfavorable"
"IFI16","Kidney Renal Papillary Cell Carcinoma","KIRP","Kidney","0.0002067","Unfavorable"
"IFI44","Kidney Renal Clear Cell Carcinoma, Testicular Germ Cell Tumor","KIRC, TGCT","Kidney, Male","0.0002429, 0.0007359","Unfavorable, Unfavorable"
"IFITM3","Glioblastoma Multiforme","GBM","Brain","0.0001187","Unfavorable"
"IFNGR2","Kidney Renal Clear Cell Carcinoma, Cervical Squamous Cell Carcinoma and Endocervical Adenocarcinoma, Colon Adenocarcinoma","KIRC, CESC, COAD","Kidney, Female, Intestine","0.0005971, 0.0008813, 0.0004381","Favorable, Unfavorable, Unfavorable"
"IGHA1","Breast Invasive Carcinoma, Head and Neck Squamous Cell Carcinoma","BRCA, HNSC","Female, Head and Neck","1.772e-05, 7.268e-05","Favorable, Favorable"
"IGHG4","Head and Neck Squamous Cell Carcinoma, Rectum Adenocarcinoma, Kidney Renal Papillary Cell Carcinoma","HNSC, READ, KIRP","Head and Neck, Intestine, Kidney","0.0006881, 4.51e-06, 1.749e-05","Favorable, Favorable, Unfavorable"
"IGKC","Breast Invasive Carcinoma, Head and Neck Squamous Cell Carcinoma, Kidney Renal Clear Cell Carcinoma","BRCA, HNSC, KIRC","Female, Head and Neck, Kidney","0.0003148, 0.0005522, 0.0007151","Favorable, Favorable, Unfavorable"
"IL12A","Cervical Squamous Cell Carcinoma and Endocervical Adenocarcinoma","CESC","Female","0.0006601","Favorable"
"IL13RA1","Kidney Chromophobe","KICH","Kidney","6.369e-05","Unfavorable"
"IL15","Liver Hepatocellular Carcinoma","LIHC","Liver","0.0002194","Favorable"
"IL18","Pancreatic Adenocarcinoma","PAAD","Pancreas","0.0005556","Unfavorable"
"IL18BP","Cervical Squamous Cell Carcinoma and Endocervical Adenocarcinoma, Rectum Adenocarcinoma","CESC, READ","Female, Intestine","0.0003071, 0.0009391","Favorable, Favorable"
"IL18R1","Breast Invasive Carcinoma, Kidney Renal Clear Cell Carcinoma","BRCA, KIRC","Female, Kidney","0.0004216, 5.164e-07","Favorable, Favorable"
"IL1B","Cervical Squamous Cell Carcinoma and Endocervical Adenocarcinoma","CESC","Female","5.074e-05","Unfavorable"
"IL1R1","Glioblastoma Multiforme","GBM","Brain","0.0002974","Unfavorable"
"IL1R2","Kidney Renal Clear Cell Carcinoma, Kidney Renal Papillary Cell Carcinoma, Liver Hepatocellular Carcinoma, Lung Adenocarcinoma","KIRC, KIRP, LIHC, LUAD","Kidney, Kidney, Liver, Lung","0.0002908, 0.0008462, 1.464e-05, 5.828e-05","Unfavorable, Unfavorable, Unfavorable, Unfavorable"
"IL1RL1","Kidney Renal Clear Cell Carcinoma, Rectum Adenocarcinoma","KIRC, READ","Kidney, Intestine","5.894e-06, 0.0002224","Favorable, Favorable"
"IL23A","Lung Adenocarcinoma","LUAD","Lung","0.0001225","Unfavorable"
"IL33","Kidney Renal Clear Cell Carcinoma, Lung Adenocarcinoma, Kidney Renal Papillary Cell Carcinoma, Stomach Adenocarcinoma","KIRC, LUAD, KIRP, STAD","Kidney, Lung, Kidney, Intestine","5.521e-05, 0.0007274, 0.000141, 0.0004359","Favorable, Favorable, Unfavorable, Unfavorable"
"IL3RA","Kidney Renal Clear Cell Carcinoma, Lung Squamous Cell Carcinoma, Testicular Germ Cell Tumor","KIRC, LUSC, TGCT","Kidney, Lung, Male","0.0005763, 0.0008475, 0.0008362","Favorable, Unfavorable, Unfavorable"
"IL4R","Liver Hepatocellular Carcinoma, Lung Squamous Cell Carcinoma","LIHC, LUSC","Liver, Lung","0.0003795, 0.0003257","Favorable, Unfavorable"
"IL6","Kidney Renal Clear Cell Carcinoma","KIRC","Kidney","2.417e-06","Unfavorable"
"IRAK3","Kidney Renal Clear Cell Carcinoma","KIRC","Kidney","0.0003068","Favorable"
"ISG15","Kidney Renal Clear Cell Carcinoma","KIRC","Kidney","0.0003638","Unfavorable"
"ISG20","Ovary Serous Cystadenocarcinoma, Skin Cuteneous Melanoma, Glioblastoma Multiforme, Kidney Renal Clear Cell Carcinoma","OV, SKCM, GBM, KIRC","Female, Skin, Brain, Kidney","0.0001114, 0.0003314, 0.0002925, 0.0005135","Favorable, Favorable, Unfavorable, Unfavorable"
"ITGA5","Cervical Squamous Cell Carcinoma and Endocervical Adenocarcinoma, Head and Neck Squamous Cell Carcinoma, Kidney Renal Papillary Cell Carcinoma, Liver Hepatocellular Carcinoma, Lung Adenocarcinoma, Stomach Adenocarcinoma","CESC, HNSC, KIRP, LIHC, LUAD, STAD","Female, Head and Neck, Kidney, Liver, Lung, Intestine","1.755e-05, 8.879e-05, 0.0005917, 1.55e-05, 3.937e-06, 0.0003182","Unfavorable, Unfavorable, Unfavorable, Unfavorable, Unfavorable, Unfavorable"
"ITGAL","Breast Invasive Carcinoma, Head and Neck Squamous Cell Carcinoma","BRCA, HNSC","Female, Head and Neck","0.0003212, 0.0007686","Favorable, Favorable"
"ITGAM","Liver Hepatocellular Carcinoma","LIHC","Liver","0.0002082","Unfavorable"
"ITM2B","Bladder Urothelial Carcinoma, Kidney Renal Clear Cell Carcinoma, Kidney Renal Papillary Cell Carcinoma","BLCA, KIRC, KIRP","Urinary Bladder, Kidney, Kidney","0.0007679, 0.0001767, 6.362e-05","Favorable, Favorable, Favorable"
"JAK2","Kidney Renal Clear Cell Carcinoma","KIRC","Kidney","7.53e-05","Favorable"
"KAT2B","Kidney Renal Clear Cell Carcinoma, Liver Hepatocellular Carcinoma","KIRC, LIHC","Kidney, Liver","9.903e-08, 7.089e-06","Favorable, Favorable"
"LDHA","Kidney Renal Clear Cell Carcinoma, Glioblastoma Multiforme, Kidney Chromophobe, Liver Hepatocellular Carcinoma, Lung Adenocarcinoma, Pancreatic Adenocarcinoma","KIRC, GBM, KICH, LIHC, LUAD, PAAD","Kidney, Brain, Kidney, Liver, Lung, Pancreas","1.893e-06, 0.0001154, 8.709e-07, 2.129e-07, 3.773e-05, 5.936e-06","Favorable, Unfavorable, Unfavorable, Unfavorable, Unfavorable, Unfavorable"
"LGALS1","Skin Cuteneous Melanoma, Glioblastoma Multiforme, Kidney Renal Clear Cell Carcinoma, Liver Hepatocellular Carcinoma, Lung Adenocarcinoma","SKCM, GBM, KIRC, LIHC, LUAD","Skin, Brain, Kidney, Liver, Lung","0.0006544, 0.0004496, 2.691e-05, 7.556e-05, 0.0009192","Favorable, Unfavorable, Unfavorable, Unfavorable, Unfavorable"
"LGALS12","Kidney Renal Clear Cell Carcinoma","KIRC","Kidney","0.0006212","Unfavorable"
"LGALS2","Kidney Renal Clear Cell Carcinoma, Rectum Adenocarcinoma","KIRC, READ","Kidney, Intestine","1.525e-11, 0.0004722","Favorable, Favorable"
"LGALS3","Glioblastoma Multiforme, Pancreatic Adenocarcinoma","GBM, PAAD","Brain, Pancreas","8.912e-07, 0.0009245","Unfavorable, Unfavorable"
"LGALS9","Pancreatic Adenocarcinoma","PAAD","Pancreas","0.0008023","Unfavorable"
"LIPA","Kidney Renal Clear Cell Carcinoma","KIRC","Kidney","5.271e-10","Favorable"
"LITAF","Glioblastoma Multiforme, Testicular Germ Cell Tumor","GBM, TGCT","Brain, Male","0.0007795, 0.0001877","Unfavorable, Unfavorable"
"LRG1","Liver Hepatocellular Carcinoma, Pancreatic Adenocarcinoma","LIHC, PAAD","Liver, Pancreas","3.524e-05, 0.0009359","Favorable, Unfavorable"
"LST1","Rectum Adenocarcinoma","READ","Intestine","0.0007541","Favorable"
"LY6E","Pancreatic Adenocarcinoma","PAAD","Pancreas","0.0005376","Unfavorable"
"LYZ","Head and Neck Squamous Cell Carcinoma, Pancreatic Adenocarcinoma, Glioblastoma Multiforme","HNSC, PAAD, GBM","Head and Neck, Pancreas, Brain","0.0006335, 7.623e-05, 0.0004097","Favorable, Favorable, Unfavorable"
"MAF","Kidney Renal Clear Cell Carcinoma, Liver Hepatocellular Carcinoma, Glioblastoma Multiforme","KIRC, LIHC, GBM","Kidney, Liver, Brain","0.0009023, 0.0001204, 0.0007227","Favorable, Favorable, Unfavorable"
"MAP1LC3B","Kidney Renal Clear Cell Carcinoma, Liver Hepatocellular Carcinoma, Lung Squamous Cell Carcinoma","KIRC, LIHC, LUSC","Kidney, Liver, Lung","3.218e-08, 0.0006512, 8.951e-05","Favorable, Unfavorable, Unfavorable"
"MAP3K1","Kidney Renal Clear Cell Carcinoma","KIRC","Kidney","6.141e-05","Favorable"
"MAPK1","Kidney Renal Clear Cell Carcinoma, Liver Hepatocellular Carcinoma","KIRC, LIHC","Kidney, Liver","4.086e-07, 0.0005539","Favorable, Unfavorable"
"MAPK14","Kidney Renal Clear Cell Carcinoma, Colon Adenocarcinoma, Kidney Chromophobe","KIRC, COAD, KICH","Kidney, Intestine, Kidney","0.0001461, 0.0007447, 0.0006944","Favorable, Unfavorable, Unfavorable"
"MAPK3","Kidney Renal Clear Cell Carcinoma, Liver Hepatocellular Carcinoma","KIRC, LIHC","Kidney, Liver","9.42e-08, 0.0001963","Favorable, Unfavorable"
"MARCKS","Kidney Renal Clear Cell Carcinoma, Cervical Squamous Cell Carcinoma and Endocervical Adenocarcinoma, Liver Hepatocellular Carcinoma, Stomach Adenocarcinoma","KIRC, CESC, LIHC, STAD","Kidney, Female, Liver, Intestine","0.0003646, 0.000498, 0.0001004, 0.0002068","Favorable, Unfavorable, Unfavorable, Unfavorable"
"MARCKSL1","Glioblastoma Multiforme, Pancreatic Adenocarcinoma, Liver Hepatocellular Carcinoma","GBM, PAAD, LIHC","Brain, Pancreas, Liver","6.332e-05, 7.806e-05, 3.301e-07","Favorable, Favorable, Unfavorable"
"MBD2","Kidney Renal Clear Cell Carcinoma, Lung Adenocarcinoma","KIRC, LUAD","Kidney, Lung","0.0003246, 1.106e-06","Favorable, Unfavorable"
"MGST1","Uterine Corpus Endometrial Carcinoma","UCEC","Female","0.0007381","Unfavorable"
"MMP10","Liver Hepatocellular Carcinoma","LIHC","Liver","2.282e-05","Unfavorable"
"MMP25","Head and Neck Squamous Cell Carcinoma","HNSC","Head and Neck","5.097e-05","Favorable"
"MMP9","Glioblastoma Multiforme, Kidney Renal Clear Cell Carcinoma, Liver Hepatocellular Carcinoma","GBM, KIRC, LIHC","Brain, Kidney, Liver","0.0003622, 0.000427, 0.0005159","Unfavorable, Unfavorable, Unfavorable"
"MRC1","Kidney Renal Clear Cell Carcinoma, Lung Adenocarcinoma","KIRC, LUAD","Kidney, Lung","0.0001845, 0.0007576","Favorable, Favorable"
"MS4A2","Kidney Renal Clear Cell Carcinoma","KIRC","Kidney","7.021e-05","Favorable"
"NAMPT","Kidney Renal Clear Cell Carcinoma, Kidney Renal Clear Cell Carcinoma","KIRC, KIRC","Kidney, Kidney","0.0009528, 0.0008705","Favorable, Unfavorable"
"NCF2","Rectum Adenocarcinoma, Liver Hepatocellular Carcinoma, Lung Adenocarcinoma, Rectum Adenocarcinoma","READ, LIHC, LUAD, READ","Intestine, Liver, Lung, Intestine","0.0007942, 1.556e-05, 0.0005447, 0.0003217","Favorable, Unfavorable, Unfavorable, Unfavorable"
"NFATC1","Breast Invasive Carcinoma, Rectum Adenocarcinoma","BRCA, READ","Female, Intestine","0.0001442, 0.0002655","Favorable, Favorable"
"NFE2","Rectum Adenocarcinoma","READ","Intestine","0.0007125","Unfavorable"
"NGF","Head and Neck Squamous Cell Carcinoma, Kidney Renal Papillary Cell Carcinoma","HNSC, KIRP","Head and Neck, Kidney","0.0004573, 3.814e-06","Unfavorable, Unfavorable"
"NOD2","Kidney Renal Clear Cell Carcinoma, Testicular Germ Cell Tumor","KIRC, TGCT","Kidney, Male","0.0002964, 0.0004735","Unfavorable, Unfavorable"
"NOS2","Colon Adenocarcinoma, Kidney Renal Clear Cell Carcinoma","COAD, KIRC","Intestine, Kidney","0.0008062, 0.0007971","Favorable, Favorable"
"NPC2","Kidney Renal Clear Cell Carcinoma, Lung Adenocarcinoma, Colon Adenocarcinoma, Liver Hepatocellular Carcinoma, Lung Squamous Cell Carcinoma","KIRC, LUAD, COAD, LIHC, LUSC","Kidney, Lung, Intestine, Liver, Lung","5.855e-06, 0.0005037, 0.0008556, 2.519e-05, 8.306e-05","Favorable, Favorable, Unfavorable, Unfavorable, Unfavorable"
"NR1D1","Kidney Renal Clear Cell Carcinoma","KIRC","Kidney","0.0002973","Favorable"
"NR1D2","Kidney Renal Clear Cell Carcinoma, Stomach Adenocarcinoma","KIRC, STAD","Kidney, Intestine","8.086e-05, 0.0005242","Favorable, Unfavorable"
"P2RY13","Kidney Renal Clear Cell Carcinoma, Lung Adenocarcinoma","KIRC, LUAD","Kidney, Lung","2.027e-05, 7.307e-05","Favorable, Favorable"
"P2RY14","Lung Adenocarcinoma","LUAD","Lung","0.000177","Favorable"
"PABPC1","Kidney Chromophobe, Kidney Renal Papillary Cell Carcinoma, Liver Hepatocellular Carcinoma, Lung Adenocarcinoma","KICH, KIRP, LIHC, LUAD","Kidney, Kidney, Liver, Lung","0.0003649, 6.091e-06, 5.014e-05, 0.0003074","Unfavorable, Unfavorable, Unfavorable, Unfavorable"
"PDE3A","Kidney Renal Clear Cell Carcinoma","KIRC","Kidney","0.000405","Favorable"
"PDE4A","Kidney Renal Clear Cell Carcinoma, Breast Invasive Carcinoma, Ovary Serous Cystadenocarcinoma","KIRC, BRCA, OV","Kidney, Female, Female","0.0005073, 0.0009516, 0.0007648","Favorable, Unfavorable, Unfavorable"
"PELI1","Kidney Renal Clear Cell Carcinoma, Kidney Renal Papillary Cell Carcinoma","KIRC, KIRP","Kidney, Kidney","0.0001866, 0.0009126","Favorable, Unfavorable"
"PI3","Kidney Renal Clear Cell Carcinoma, Ovary Serous Cystadenocarcinoma","KIRC, OV","Kidney, Female","1.481e-09, 1.508e-05","Unfavorable, Unfavorable"
"PIGR","Breast Invasive Carcinoma, Kidney Renal Papillary Cell Carcinoma, Thyroid Carcinoma, Rectum Adenocarcinoma","BRCA, KIRP, THCA, READ","Female, Kidney, Thyroid gland, Intestine","4.35e-05, 0.0009149, 0.000234, 0.0002143","Favorable, Favorable, Favorable, Unfavorable"
"PLAC8","Breast Invasive Carcinoma, Ovary Serous Cystadenocarcinoma","BRCA, OV","Female, Female","4.931e-05, 0.0008884","Favorable, Favorable"
"PLBD1","Kidney Renal Clear Cell Carcinoma, Liver Hepatocellular Carcinoma, Pancreatic Adenocarcinoma, Uterine Corpus Endometrial Carcinoma","KIRC, LIHC, PAAD, UCEC","Kidney, Liver, Pancreas, Female","0.0003579, 3.48e-06, 0.0002132, 3.541e-05","Favorable, Unfavorable, Unfavorable, Unfavorable"
"PPARG","Kidney Renal Clear Cell Carcinoma, Liver Hepatocellular Carcinoma","KIRC, LIHC","Kidney, Liver","7.117e-05, 5.88e-06","Favorable, Unfavorable"
"PPBP","Bladder Urothelial Carcinoma","BLCA","Urinary Bladder","0.0006515","Unfavorable"
"PRNP","Kidney Renal Clear Cell Carcinoma, Liver Hepatocellular Carcinoma, Lung Squamous Cell Carcinoma","KIRC, LIHC, LUSC","Kidney, Liver, Lung","0.000283, 0.0003584, 0.0005209","Favorable, Unfavorable, Unfavorable"
"PRR7","Liver Hepatocellular Carcinoma","LIHC","Liver","0.0002674","Unfavorable"
"PSCA","Breast Invasive Carcinoma, Kidney Renal Clear Cell Carcinoma, Pancreatic Adenocarcinoma","BRCA, KIRC, PAAD","Female, Kidney, Pancreas","0.0007143, 2.137e-05, 3.085e-05","Unfavorable, Unfavorable, Unfavorable"
"PSME2","Breast Invasive Carcinoma, Cervical Squamous Cell Carcinoma and Endocervical Adenocarcinoma, Ovary Serous Cystadenocarcinoma","BRCA, CESC, OV","Female, Female, Female","0.0006457, 0.0006656, 0.0009764","Favorable, Favorable, Favorable"
"PTGER2","Kidney Renal Clear Cell Carcinoma","KIRC","Kidney","0.000606","Unfavorable"
"PTGER3","Kidney Renal Clear Cell Carcinoma, Kidney Renal Papillary Cell Carcinoma","KIRC, KIRP","Kidney, Kidney","0.0004014, 5.954e-05","Favorable, Unfavorable"
"PTGER4","Kidney Renal Clear Cell Carcinoma","KIRC","Kidney","1.732e-05","Favorable"
"PTGS2","Glioblastoma Multiforme","GBM","Brain","0.0007307","Unfavorable"
"PYCARD","Kidney Renal Clear Cell Carcinoma","KIRC","Kidney","1.841e-05","Unfavorable"
"RAMP1","Liver Hepatocellular Carcinoma, Stomach Adenocarcinoma","LIHC, STAD","Liver, Intestine","0.0008133, 3.22e-05","Favorable, Unfavorable"
"RBP7","Kidney Renal Clear Cell Carcinoma, Skin Cuteneous Melanoma","KIRC, SKCM","Kidney, Skin","0.0006365, 0.0002418","Favorable, Unfavorable"
"RETN","Glioblastoma Multiforme, Lung Squamous Cell Carcinoma","GBM, LUSC","Brain, Lung","1.801e-06, 0.0008497","Unfavorable, Unfavorable"
"RGL4","Cervical Squamous Cell Carcinoma and Endocervical Adenocarcinoma, Kidney Renal Clear Cell Carcinoma, Lung Adenocarcinoma","CESC, KIRC, LUAD","Female, Kidney, Lung","0.0005677, 0.0006681, 0.0007734","Favorable, Favorable, Favorable"
"RGS2","Glioblastoma Multiforme, Kidney Renal Clear Cell Carcinoma, Liver Hepatocellular Carcinoma, Stomach Adenocarcinoma","GBM, KIRC, LIHC, STAD","Brain, Kidney, Liver, Intestine","3.736e-05, 0.0003719, 0.0005496, 8.101e-05","Unfavorable, Unfavorable, Unfavorable, Unfavorable"
"RHOH","Lung Adenocarcinoma, Skin Cuteneous Melanoma, Kidney Renal Papillary Cell Carcinoma","LUAD, SKCM, KIRP","Lung, Skin, Kidney","0.000606, 0.0001294, 0.0003914","Favorable, Favorable, Unfavorable"
"RIPOR2","Kidney Renal Clear Cell Carcinoma","KIRC","Kidney","0.0009288","Favorable"
"RNASE2","Kidney Renal Clear Cell Carcinoma, Liver Hepatocellular Carcinoma","KIRC, LIHC","Kidney, Liver","6.619e-07, 0.0008741","Unfavorable, Unfavorable"
"RNASE6","Testicular Germ Cell Tumor","TGCT","Male","0.0002038","Unfavorable"
"RNASET2","Colon Adenocarcinoma, Kidney Renal Clear Cell Carcinoma","COAD, KIRC","Intestine, Kidney","0.000293, 0.0001272","Favorable, Unfavorable"
"RNF20","Kidney Renal Clear Cell Carcinoma","KIRC","Kidney","9.327e-05","Favorable"
"RPL17","Liver Hepatocellular Carcinoma","LIHC","Liver","2.495e-05","Unfavorable"
"RPL36A","Glioblastoma Multiforme, Kidney Renal Clear Cell Carcinoma, Liver Hepatocellular Carcinoma","GBM, KIRC, LIHC","Brain, Kidney, Liver","0.000146, 0.0006026, 4.156e-06","Favorable, Unfavorable, Unfavorable"
"RPS15","Liver Hepatocellular Carcinoma","LIHC","Liver","0.0001281","Unfavorable"
"S100A10","Cervical Squamous Cell Carcinoma and Endocervical Adenocarcinoma, Liver Hepatocellular Carcinoma, Lung Adenocarcinoma, Pancreatic Adenocarcinoma","CESC, LIHC, LUAD, PAAD","Female, Liver, Lung, Pancreas","0.00054, 0.0001158, 9.578e-07, 3.41e-05","Unfavorable, Unfavorable, Unfavorable, Unfavorable"
"S100A12","Stomach Adenocarcinoma","STAD","Intestine","0.0004657","Unfavorable"
"S100A6","Liver Hepatocellular Carcinoma","LIHC","Liver","0.0006461","Unfavorable"
"S100A8","Glioblastoma Multiforme","GBM","Brain","0.0009349","Unfavorable"
"S100A9","Glioblastoma Multiforme, Liver Hepatocellular Carcinoma, Lung Squamous Cell Carcinoma","GBM, LIHC, LUSC","Brain, Liver, Lung","0.0002056, 1.627e-05, 0.0003982","Unfavorable, Unfavorable, Unfavorable"
"S100P","Lung Adenocarcinoma, Pancreatic Adenocarcinoma","LUAD, PAAD","Lung, Pancreas","0.0004576, 0.0003456","Unfavorable, Unfavorable"
"SDS","Liver Hepatocellular Carcinoma","LIHC","Liver","0.0004073","Favorable"
"SELL","Cervical Squamous Cell Carcinoma and Endocervical Adenocarcinoma, Head and Neck Squamous Cell Carcinoma, Liver Hepatocellular Carcinoma, Kidney Renal Papillary Cell Carcinoma","CESC, HNSC, LIHC, KIRP","Female, Head and Neck, Liver, Kidney","0.0009769, 0.0009339, 0.0005598, 0.0005329","Favorable, Favorable, Favorable, Unfavorable"
"SELP","Head and Neck Squamous Cell Carcinoma, Kidney Renal Clear Cell Carcinoma","HNSC, KIRC","Head and Neck, Kidney","0.0002809, 6.179e-05","Favorable, Favorable"
"SEMA7A","Lung Adenocarcinoma","LUAD","Lung","0.0001321","Unfavorable"
"SERPINB3","Pancreatic Adenocarcinoma","PAAD","Pancreas","0.0004245","Unfavorable"
"SERPINB9","Kidney Chromophobe","KICH","Kidney","0.0003702","Unfavorable"
"SERPINH1","Cervical Squamous Cell Carcinoma and Endocervical Adenocarcinoma, Kidney Renal Papillary Cell Carcinoma, Lung Adenocarcinoma","CESC, KIRP, LUAD","Female, Kidney, Lung","0.0002839, 2.974e-05, 1.083e-05","Unfavorable, Unfavorable, Unfavorable"
"SIGLEC1","Testicular Germ Cell Tumor","TGCT","Male","0.000154","Unfavorable"
"SLC12A8","Pancreatic Adenocarcinoma, Glioblastoma Multiforme, Kidney Renal Clear Cell Carcinoma","PAAD, GBM, KIRC","Pancreas, Brain, Kidney","0.0008423, 0.0004598, 9.491e-08","Favorable, Unfavorable, Unfavorable"
"SLC25A37","Breast Invasive Carcinoma, Kidney Renal Clear Cell Carcinoma","BRCA, KIRC","Female, Kidney","0.0007259, 1.045e-06","Favorable, Unfavorable"
"SLC2A3","Rectum Adenocarcinoma, Head and Neck Squamous Cell Carcinoma, Stomach Adenocarcinoma","READ, HNSC, STAD","Intestine, Head and Neck, Intestine","0.0008686, 0.0008217, 0.0001872","Favorable, Unfavorable, Unfavorable"
"SLCO2B1","Kidney Renal Clear Cell Carcinoma","KIRC","Kidney","4.727e-05","Favorable"
"SLPI","Glioblastoma Multiforme, Kidney Renal Clear Cell Carcinoma, Ovary Serous Cystadenocarcinoma","GBM, KIRC, OV","Brain, Kidney, Female","0.0008866, 7.012e-09, 0.0004624","Unfavorable, Unfavorable, Unfavorable"
"SOCS3","Breast Invasive Carcinoma, Glioblastoma Multiforme, Kidney Renal Clear Cell Carcinoma, Thyroid Carcinoma","BRCA, GBM, KIRC, THCA","Female, Brain, Kidney, Thyroid gland","0.0006729, 0.0005779, 0.0002231, 0.000814","Favorable, Unfavorable, Unfavorable, Unfavorable"
"SPINT2","Kidney Renal Clear Cell Carcinoma","KIRC","Kidney","0.0004218","Favorable"
"STAB1","Kidney Renal Clear Cell Carcinoma","KIRC","Kidney","4.563e-06","Unfavorable"
"STAT1","Lung Adenocarcinoma, Pancreatic Adenocarcinoma, Uterine Corpus Endometrial Carcinoma","LUAD, PAAD, UCEC","Lung, Pancreas, Female","0.0008742, 0.0001592, 0.000414","Unfavorable, Unfavorable, Unfavorable"
"STAT3","Kidney Renal Clear Cell Carcinoma","KIRC","Kidney","8.289e-05","Favorable"
"SULF1","Kidney Renal Papillary Cell Carcinoma","KIRP","Kidney","3.126e-05","Unfavorable"
"TFF3","Kidney Renal Clear Cell Carcinoma, Pancreatic Adenocarcinoma, Rectum Adenocarcinoma","KIRC, PAAD, READ","Kidney, Pancreas, Intestine","1.359e-05, 0.0007497, 9.935e-05","Favorable, Favorable, Unfavorable"
"TFRC","Lung Squamous Cell Carcinoma, Cervical Squamous Cell Carcinoma and Endocervical Adenocarcinoma, Glioblastoma Multiforme, Kidney Chromophobe, Liver Hepatocellular Carcinoma","LUSC, CESC, GBM, KICH, LIHC","Lung, Female, Brain, Kidney, Liver","0.0009127, 0.0002537, 0.0003807, 0.000577, 1.19e-06","Favorable, Unfavorable, Unfavorable, Unfavorable, Unfavorable"
"TGFB1","Cervical Squamous Cell Carcinoma and Endocervical Adenocarcinoma, Kidney Renal Papillary Cell Carcinoma","CESC, KIRP","Female, Kidney","0.000611, 0.000474","Unfavorable, Unfavorable"
"TGFBI","Cervical Squamous Cell Carcinoma and Endocervical Adenocarcinoma, Kidney Renal Clear Cell Carcinoma, Lung Adenocarcinoma, Lung Squamous Cell Carcinoma, Ovary Serous Cystadenocarcinoma","CESC, KIRC, LUAD, LUSC, OV","Female, Kidney, Lung, Lung, Female","0.0004234, 2.951e-05, 0.0001297, 0.000779, 2.743e-06","Unfavorable, Unfavorable, Unfavorable, Unfavorable, Unfavorable"
"TIMP1","Glioblastoma Multiforme, Kidney Renal Clear Cell Carcinoma, Lung Adenocarcinoma","GBM, KIRC, LUAD","Brain, Kidney, Lung","1.266e-05, 4.662e-08, 0.0003331","Unfavorable, Unfavorable, Unfavorable"
"TLR2","Lung Adenocarcinoma","LUAD","Lung","0.0002617","Favorable"
"TLR4","Kidney Renal Clear Cell Carcinoma, Testicular Germ Cell Tumor","KIRC, TGCT","Kidney, Male","2.016e-06, 0.0009545","Favorable, Unfavorable"
"TLR7","Lung Adenocarcinoma","LUAD","Lung","0.0001569","Favorable"
"TMEM176B","Kidney Renal Clear Cell Carcinoma, Rectum Adenocarcinoma","KIRC, READ","Kidney, Intestine","4.535e-06, 0.0003389","Favorable, Unfavorable"
"TMEM71","Breast Invasive Carcinoma, Kidney Renal Papillary Cell Carcinoma","BRCA, KIRP","Female, Kidney","0.0006358, 0.0004216","Favorable, Favorable"
"TNFRSF10B","Glioblastoma Multiforme, Pancreatic Adenocarcinoma","GBM, PAAD","Brain, Pancreas","0.0001117, 0.0009279","Unfavorable, Unfavorable"
"TNFRSF10D","Kidney Renal Clear Cell Carcinoma, Cervical Squamous Cell Carcinoma and Endocervical Adenocarcinoma, Glioblastoma Multiforme","KIRC, CESC, GBM","Kidney, Female, Brain","8.206e-05, 0.000725, 0.0009924","Favorable, Unfavorable, Unfavorable"
"TNFRSF1A","Kidney Chromophobe, Glioblastoma Multiforme, Lung Adenocarcinoma, Lung Squamous Cell Carcinoma","KICH, GBM, LUAD, LUSC","Kidney, Brain, Lung, Lung","0.000521, 0.0001938, 0.0003915, 0.0005268","Favorable, Unfavorable, Unfavorable, Unfavorable"
"TNFRSF1B","Kidney Renal Clear Cell Carcinoma","KIRC","Kidney","5.222e-06","Favorable"
"TNFSF10","Kidney Renal Clear Cell Carcinoma, Pancreatic Adenocarcinoma","KIRC, PAAD","Kidney, Pancreas","0.0009316, 4.706e-05","Favorable, Unfavorable"
"TNFSF14","Liver Hepatocellular Carcinoma, Kidney Renal Clear Cell Carcinoma","LIHC, KIRC","Liver, Kidney","3.464e-05, 1.641e-08","Favorable, Unfavorable"
"TNFSF9","Pancreatic Adenocarcinoma","PAAD","Pancreas","0.0006911","Unfavorable"
"TPSAB1","Head and Neck Squamous Cell Carcinoma, Kidney Renal Clear Cell Carcinoma","HNSC, KIRC","Head and Neck, Kidney","5.827e-05, 4.182e-05","Favorable, Favorable"
"TPSD1","Kidney Renal Clear Cell Carcinoma","KIRC","Kidney","0.0004513","Favorable"
"TPST1","Stomach Adenocarcinoma","STAD","Intestine","0.0005074","Unfavorable"
"TREM2","Cervical Squamous Cell Carcinoma and Endocervical Adenocarcinoma, Liver Hepatocellular Carcinoma","CESC, LIHC","Female, Liver","0.0008023, 0.0007377","Favorable, Unfavorable"
"TRPM2","Kidney Renal Clear Cell Carcinoma","KIRC","Kidney","0.0001205","Unfavorable"
"TRPV4","Kidney Renal Clear Cell Carcinoma","KIRC","Kidney","6.401e-06","Favorable"
"TSLP","Liver Hepatocellular Carcinoma","LIHC","Liver","6.752e-05","Favorable"
"TSPO","Liver Hepatocellular Carcinoma","LIHC","Liver","2.336e-05","Unfavorable"
"TUBA1B","Breast Invasive Carcinoma, Kidney Renal Clear Cell Carcinoma, Liver Hepatocellular Carcinoma, Lung Adenocarcinoma","BRCA, KIRC, LIHC, LUAD","Female, Kidney, Liver, Lung","8.62e-05, 6.78e-06, 9.544e-06, 1.62e-05","Unfavorable, Unfavorable, Unfavorable, Unfavorable"
"TUG1","Breast Invasive Carcinoma, Kidney Renal Clear Cell Carcinoma, Liver Hepatocellular Carcinoma","BRCA, KIRC, LIHC","Female, Kidney, Liver","0.0007762, 0.0005626, 0.0002938","Favorable, Favorable, Unfavorable"
"UPK3A","Liver Hepatocellular Carcinoma","LIHC","Liver","0.0006975","Unfavorable"
"VCAN","Ovary Serous Cystadenocarcinoma, Stomach Adenocarcinoma","OV, STAD","Female, Intestine","1.134e-06, 5.201e-05","Unfavorable, Unfavorable"
"VEGFA","Kidney Renal Clear Cell Carcinoma, Cervical Squamous Cell Carcinoma and Endocervical Adenocarcinoma, Glioblastoma Multiforme, Kidney Renal Papillary Cell Carcinoma, Liver Hepatocellular Carcinoma, Lung Adenocarcinoma","KIRC, CESC, GBM, KIRP, LIHC, LUAD","Kidney, Female, Brain, Kidney, Liver, Lung","0.0001258, 0.000979, 0.0001559, 1.289e-05, 0.0002807, 0.0008087","Favorable, Unfavorable, Unfavorable, Unfavorable, Unfavorable, Unfavorable"
"VNN1","Uterine Corpus Endometrial Carcinoma","UCEC","Female","0.0005638","Unfavorable"
"VNN2","Liver Hepatocellular Carcinoma","LIHC","Liver","2.915e-05","Unfavorable"
"WFDC2","Glioblastoma Multiforme, Rectum Adenocarcinoma","GBM, READ","Brain, Intestine","7.802e-05, 0.0002194","Unfavorable, Unfavorable"
"WNT5A","Colon Adenocarcinoma","COAD","Intestine","0.0009369","Favorable"
"XAF1","Liver Hepatocellular Carcinoma, Kidney Renal Clear Cell Carcinoma, Pancreatic Adenocarcinoma","LIHC, KIRC, PAAD","Liver, Kidney, Pancreas","0.0004293, 0.0004424, 6.464e-05","Favorable, Unfavorable, Unfavorable"
"YBX1","Kidney Renal Clear Cell Carcinoma, Liver Hepatocellular Carcinoma, Lung Adenocarcinoma","KIRC, LIHC, LUAD","Kidney, Liver, Lung","0.0006858, 4.978e-09, 4.271e-05","Favorable, Unfavorable, Unfavorable"
"YWHAH","Kidney Renal Clear Cell Carcinoma, Liver Hepatocellular Carcinoma","KIRC, LIHC","Kidney, Liver","4.988e-05, 0.000146","Favorable, Unfavorable"
"ZBTB16","Kidney Renal Clear Cell Carcinoma, Liver Hepatocellular Carcinoma, Ovary Serous Cystadenocarcinoma","KIRC, LIHC, OV","Kidney, Liver, Female","1.393e-08, 6.224e-06, 0.0006349","Favorable, Favorable, Unfavorable"
"ZFP36L2","Bladder Urothelial Carcinoma, Kidney Renal Clear Cell Carcinoma","BLCA, KIRC","Urinary Bladder, Kidney","7.95e-05, 5.717e-06","Favorable, Favorable"
