"Protein","logFC","AdjPval","CancerType","CancerMajorGroup","Abbreviation"
"ABI3","0.791454, 0.687844","0.0431, 3.93e-22","Glioblastoma Multiforme, Kidney Renal Clear Cell Carcinoma","Brain, Kidney","GBM, KIRC"
"ACP5","0.698358, 0.589233, -1.22314, -1.4925","4.63e-13, 0.014, 2.42e-21, 1.57e-25","Head and Neck Squamous Cell Carcinoma, Pancreatic ductal adenocarcinoma, Lung Adenocarcinoma, Lung Squamous Cell Carcinoma","Head and Neck, Pancreas, Lung, Lung","HNSC, PDAC, LUAD, LUSC"
"ACTB","-0.627383","2.96e-13","Colon Adenocarcinoma","Intestine","COAD"
"ACTG1","-0.617181","7.36e-13","Colon Adenocarcinoma","Intestine","COAD"
"ADAM8","0.871155","4.31e-05","Head and Neck Squamous Cell Carcinoma","Head and Neck","HNSC"
"ADAMDEC1","0.769148, -0.613538, -0.640874","7.8e-11, 2.74e-10, 0.00753","Lung Squamous Cell Carcinoma, Colon Adenocarcinoma, Kidney Renal Clear Cell Carcinoma","Lung, Intestine, Kidney","LUSC, COAD, KIRC"
"ADAR","0.583844, 0.573722, 0.565405, 0.524044, 0.506589","3.14e-22, 3.31e-30, 1.1e-27, 2.53e-29, 1.54e-40","Head and Neck Squamous Cell Carcinoma, Lung Squamous Cell Carcinoma, Colon Adenocarcinoma, Lung Adenocarcinoma, Liver Hepatocellular Carcinoma","Head and Neck, Lung, Intestine, Lung, Liver","HNSC, LUSC, COAD, LUAD, LIHC"
"ADGRE1","-0.608678","0.0213","Liver Hepatocellular Carcinoma","Liver","LIHC"
"ADGRG1","0.996426, 0.757237, 0.58656, 0.575012","2.81e-19, 3.33e-17, 4.21e-10, 0.000901","Colon Adenocarcinoma, Lung Squamous Cell Carcinoma, Lung Adenocarcinoma, Uterine Corpus Endometrial Carcinoma","Intestine, Lung, Lung, Female","COAD, LUSC, LUAD, UCEC"
"AGR2","0.819229, 0.782615, 0.743461, -0.955016","0.0019, 9.11e-07, 8.2e-10, 5.12e-11","Endometrioid adenocarcinoma, Lung Adenocarcinoma, Pancreatic ductal adenocarcinoma, Kidney Renal Clear Cell Carcinoma","Other, Lung, Pancreas, Kidney","EAC, LUAD, PDAC, KIRC"
"AIF1","1.39145, 0.754973, 0.627682","0.0119, 1.8e-08, 3.36e-14","Glioblastoma Multiforme, Pancreatic ductal adenocarcinoma, Kidney Renal Clear Cell Carcinoma","Brain, Pancreas, Kidney","GBM, PDAC, KIRC"
"AK5","-0.559528, -3.08582","9.75e-12, 0.00222","Pancreatic ductal adenocarcinoma, Glioblastoma Multiforme","Pancreas, Brain","PDAC, GBM"
"ALOX5AP","0.991107, 0.647404, -0.702488, -1.51488","2.2e-16, 2.21e-05, 3.13e-15, 1.84e-18","Kidney Renal Clear Cell Carcinoma, Pancreatic ductal adenocarcinoma, Lung Adenocarcinoma, Lung Squamous Cell Carcinoma","Kidney, Pancreas, Lung, Lung","KIRC, PDAC, LUAD, LUSC"
"ANGPTL4","1.55616","3.29e-21","Kidney Renal Clear Cell Carcinoma","Kidney","KIRC"
"ANXA1","1.56714, 1.06104, 0.739172, -1.09348","0.00916, 4.15e-22, 4.87e-17, 2.3e-14","Glioblastoma Multiforme, Kidney Renal Clear Cell Carcinoma, Pancreatic ductal adenocarcinoma, Head and Neck Squamous Cell Carcinoma","Brain, Kidney, Pancreas, Head and Neck","GBM, KIRC, PDAC, HNSC"
"APOBEC3A","1.18158","1.31e-11","Head and Neck Squamous Cell Carcinoma","Head and Neck","HNSC"
"APOBR","1.56563, 1.39465, 0.731586, 0.730565, -0.515054, -0.615014","0.00222, 1.29e-25, 8.04e-11, 4.89e-14, 9.45e-15, 6.6e-17","Glioblastoma Multiforme, Kidney Renal Clear Cell Carcinoma, Pancreatic ductal adenocarcinoma, Head and Neck Squamous Cell Carcinoma, Colon Adenocarcinoma, Lung Squamous Cell Carcinoma","Brain, Kidney, Pancreas, Head and Neck, Intestine, Lung","GBM, KIRC, PDAC, HNSC, COAD, LUSC"
"AQP9","-1.16101","7.31e-27","Liver Hepatocellular Carcinoma","Liver","LIHC"
"ARAP3","1.027, -0.69587, -0.787666","0.0126, 6.39e-30, 1.8e-31","Glioblastoma Multiforme, Lung Squamous Cell Carcinoma, Lung Adenocarcinoma","Brain, Lung, Lung","GBM, LUSC, LUAD"
"ARG1","0.915428, -0.660838, -1.05499, -1.26078","1.37e-06, 5.4e-05, 7.39e-19, 1.24e-39","Kidney Renal Clear Cell Carcinoma, Lung Squamous Cell Carcinoma, Lung Adenocarcinoma, Liver Hepatocellular Carcinoma","Kidney, Lung, Lung, Liver","KIRC, LUSC, LUAD, LIHC"
"ASGR2","-0.650133, -0.666202","9.24e-25, 0.000887","Liver Hepatocellular Carcinoma, Kidney Renal Clear Cell Carcinoma","Liver, Kidney","LIHC, KIRC"
"ATG4B","-0.669622","0.0031","Glioblastoma Multiforme","Brain","GBM"
"ATG5","-0.650256","0.00665","Glioblastoma Multiforme","Brain","GBM"
"ATP2A2","0.602633, -1.16686","2.29e-27, 0.00222","Lung Squamous Cell Carcinoma, Glioblastoma Multiforme","Lung, Brain","LUSC, GBM"
"B2M","0.690963, 0.613314","1.64e-13, 4.49e-08","Pancreatic ductal adenocarcinoma, Head and Neck Squamous Cell Carcinoma","Pancreas, Head and Neck","PDAC, HNSC"
"BHLHE41","0.811281","2.86e-12","Kidney Renal Clear Cell Carcinoma","Kidney","KIRC"
"BMP6","-0.717919, -0.981427","0.0189, 5.69e-06","Lung Adenocarcinoma, Lung Squamous Cell Carcinoma","Lung, Lung","LUAD, LUSC"
"BST1","-0.542062, -0.590018, -1.03557, -1.22912","7.07e-08, 7.68e-13, 4.43e-11, 1.97e-05","Liver Hepatocellular Carcinoma, Lung Adenocarcinoma, Endometrioid adenocarcinoma, Uterine Corpus Endometrial Carcinoma","Liver, Lung, Other, Female","LIHC, LUAD, EAC, UCEC"
"C15orf48","0.800246, 0.780258, 0.647799, -0.981518","9.2e-10, 2.76e-08, 1.11e-07, 1.47e-14","Lung Squamous Cell Carcinoma, Lung Adenocarcinoma, Pancreatic ductal adenocarcinoma, Colon Adenocarcinoma","Lung, Lung, Pancreas, Intestine","LUSC, LUAD, PDAC, COAD"
"C1QA","-0.534835, -0.790375","2.36e-09, 0.0108","Colon Adenocarcinoma, Ovary Serous Cystadenocarcinoma","Intestine, Female","COAD, OV"
"C1QB","0.578916, 0.554794, -0.500322, -0.654673","2.17e-06, 1.18e-08, 2.22e-12, 0.00544","Kidney Renal Clear Cell Carcinoma, Pancreatic ductal adenocarcinoma, Lung Adenocarcinoma, Ovary Serous Cystadenocarcinoma","Kidney, Pancreas, Lung, Female","KIRC, PDAC, LUAD, OV"
"C1QC","0.596659, 0.560901","2.49e-06, 4.58e-06","Kidney Renal Clear Cell Carcinoma, Pancreatic ductal adenocarcinoma","Kidney, Pancreas","KIRC, PDAC"
"C5AR1","1.32631, 0.636916, -0.509853","1.83e-15, 1.66e-06, 2.45e-05","Kidney Renal Clear Cell Carcinoma, Head and Neck Squamous Cell Carcinoma, Lung Squamous Cell Carcinoma","Kidney, Head and Neck, Lung","KIRC, HNSC, LUSC"
"CCDC102B","-0.756432","9.84e-19","Lung Squamous Cell Carcinoma","Lung","LUSC"
"CCL18","1.17801","7.06e-13","Pancreatic ductal adenocarcinoma","Pancreas","PDAC"
"CCR6","0.690074","1.15e-05","Lung Adenocarcinoma","Lung","LUAD"
"CD14","1.38156, 0.568609","0.0063, 1.08e-11","Glioblastoma Multiforme, Kidney Renal Clear Cell Carcinoma","Brain, Kidney","GBM, KIRC"
"CD151","0.961041, -0.730716, -0.745208","0.0476, 4.32e-18, 1.67e-22","Glioblastoma Multiforme, Colon Adenocarcinoma, Lung Squamous Cell Carcinoma","Brain, Intestine, Lung","GBM, COAD, LUSC"
"CD163","1.67149, 1.12199, 0.70217, -0.529228","0.0318, 6.78e-18, 2.94e-10, 5.86e-13","Glioblastoma Multiforme, Kidney Renal Clear Cell Carcinoma, Pancreatic ductal adenocarcinoma, Liver Hepatocellular Carcinoma","Brain, Kidney, Pancreas, Liver","GBM, KIRC, PDAC, LIHC"
"CD2","0.866865, 0.637818","8.54e-16, 1.79e-05","Kidney Renal Clear Cell Carcinoma, Pancreatic ductal adenocarcinoma","Kidney, Pancreas","KIRC, PDAC"
"CD274","1.03048, -0.539036","0.00204, 0.00737","Kidney Renal Clear Cell Carcinoma, Liver Hepatocellular Carcinoma","Kidney, Liver","KIRC, LIHC"
"CD33","-0.733747","7.25e-23","Liver Hepatocellular Carcinoma","Liver","LIHC"
"CD36","1.12748, -0.860341, -0.963426, -1.06096, -1.25675, -1.45262, -1.94881, -2.02294","2.42e-13, 2.43e-07, 2.6e-10, 6.37e-18, 0.0205, 1.16e-05, 1.25e-31, 3.04e-30","Kidney Renal Clear Cell Carcinoma, Endometrioid adenocarcinoma, Pancreatic ductal adenocarcinoma, Colon Adenocarcinoma, Uterine Corpus Endometrial Carcinoma, Ovary Serous Cystadenocarcinoma, Lung Adenocarcinoma, Lung Squamous Cell Carcinoma","Kidney, Other, Pancreas, Intestine, Female, Female, Lung, Lung","KIRC, EAC, PDAC, COAD, UCEC, OV, LUAD, LUSC"
"CD44","1.37478, 0.713134, -0.746166","0.00535, 9.07e-11, 5.04e-05","Glioblastoma Multiforme, Kidney Renal Clear Cell Carcinoma, Ovary Serous Cystadenocarcinoma","Brain, Kidney, Female","GBM, KIRC, OV"
"CD53","1.12486, 1.09326","6.48e-09, 2.08e-10","Kidney Renal Clear Cell Carcinoma, Pancreatic ductal adenocarcinoma","Kidney, Pancreas","KIRC, PDAC"
"CD63","1.01306, 0.662856, 0.573957, 0.555256","0.041, 2.32e-05, 7.55e-11, 0.0266","Glioblastoma Multiforme, Endometrioid adenocarcinoma, Kidney Renal Clear Cell Carcinoma, Uterine Corpus Endometrial Carcinoma","Brain, Other, Kidney, Female","GBM, EAC, KIRC, UCEC"
"CD68","-0.548605, -0.56515","1.48e-06, 1.16e-05","Lung Squamous Cell Carcinoma, Lung Adenocarcinoma","Lung, Lung","LUSC, LUAD"
"CD72","0.627974","0.000148","Lung Squamous Cell Carcinoma","Lung","LUSC"
"CD74","1.55925, 0.960839, 0.721734, 0.633463, -0.644619","0.00701, 3.24e-22, 3.02e-08, 3.64e-10, 1.2e-16","Glioblastoma Multiforme, Kidney Renal Clear Cell Carcinoma, Endometrioid adenocarcinoma, Pancreatic ductal adenocarcinoma, Lung Squamous Cell Carcinoma","Brain, Kidney, Other, Pancreas, Lung","GBM, KIRC, EAC, PDAC, LUSC"
"CD81","-0.514759, -0.584536, -0.595296, -0.877016, -0.92847, -1.03978, -1.09078, -1.23316, -1.37338","1.13e-11, 8.28e-12, 5.35e-17, 1.89e-35, 1.17e-11, 7.19e-29, 0.00565, 2.37e-07, 4.56e-24","Pancreatic ductal adenocarcinoma, Head and Neck Squamous Cell Carcinoma, Lung Adenocarcinoma, Liver Hepatocellular Carcinoma, Endometrioid adenocarcinoma, Lung Squamous Cell Carcinoma, Glioblastoma Multiforme, Uterine Corpus Endometrial Carcinoma, Colon Adenocarcinoma","Pancreas, Head and Neck, Lung, Liver, Other, Lung, Brain, Female, Intestine","PDAC, HNSC, LUAD, LIHC, EAC, LUSC, GBM, UCEC, COAD"
"CD86","-0.530765, -0.630612","1.65e-09, 2.64e-12","Lung Adenocarcinoma, Lung Squamous Cell Carcinoma","Lung, Lung","LUAD, LUSC"
"CD9","-0.616023, -0.726834, -1.72278","2.77e-16, 1.69e-23, 0.0113","Colon Adenocarcinoma, Lung Adenocarcinoma, Glioblastoma Multiforme","Intestine, Lung, Brain","COAD, LUAD, GBM"
"CDA","0.830678, 0.550914, -0.86761","4.24e-11, 0.0318, 2.14e-24","Pancreatic ductal adenocarcinoma, Head and Neck Squamous Cell Carcinoma, Liver Hepatocellular Carcinoma","Pancreas, Head and Neck, Liver","PDAC, HNSC, LIHC"
"CEBPD","-0.52228","0.0366","Endometrioid adenocarcinoma","Other","EAC"
"CFP","1.71772, 0.786378","0.00293, 5.18e-11","Glioblastoma Multiforme, Pancreatic ductal adenocarcinoma","Brain, Pancreas","GBM, PDAC"
"CHI3L1","0.696391, 0.542344, -0.700771","6.24e-08, 0.0126, 0.000149","Pancreatic ductal adenocarcinoma, Head and Neck Squamous Cell Carcinoma, Kidney Renal Clear Cell Carcinoma","Pancreas, Head and Neck, Kidney","PDAC, HNSC, KIRC"
"CLC","0.917993, 0.582326, -1.04663, -1.45894","7.23e-05, 0.00815, 0.0239, 4.79e-30","Head and Neck Squamous Cell Carcinoma, Pancreatic ductal adenocarcinoma, Ovary Serous Cystadenocarcinoma, Liver Hepatocellular Carcinoma","Head and Neck, Pancreas, Female, Liver","HNSC, PDAC, OV, LIHC"
"CLEC12A","-0.564101","0.0191","Liver Hepatocellular Carcinoma","Liver","LIHC"
"CLEC4G","-2.17505","7.63e-49","Liver Hepatocellular Carcinoma","Liver","LIHC"
"CMIP","-0.648268","0.00365","Glioblastoma Multiforme","Brain","GBM"
"COLGALT1","1.42389, 1.21662, 0.901684, 0.776333","0.00431, 1.06e-26, 5.89e-21, 1.77e-21","Glioblastoma Multiforme, Kidney Renal Clear Cell Carcinoma, Head and Neck Squamous Cell Carcinoma, Pancreatic ductal adenocarcinoma","Brain, Kidney, Head and Neck, Pancreas","GBM, KIRC, HNSC, PDAC"
"COTL1","0.758768, 0.574005, -0.737056, -0.91043","6.53e-16, 3.09e-06, 8.25e-21, 1.56e-20","Pancreatic ductal adenocarcinoma, Head and Neck Squamous Cell Carcinoma, Liver Hepatocellular Carcinoma, Kidney Renal Clear Cell Carcinoma","Pancreas, Head and Neck, Liver, Kidney","PDAC, HNSC, LIHC, KIRC"
"CPA3","-0.81531, -1.16912, -1.31672, -1.49481, -1.60005, -1.61649, -2.02373","3.38e-18, 2.08e-15, 1.91e-12, 3.77e-22, 5.78e-22, 0.000346, 7.47e-07","Liver Hepatocellular Carcinoma, Lung Adenocarcinoma, Head and Neck Squamous Cell Carcinoma, Lung Squamous Cell Carcinoma, Colon Adenocarcinoma, Endometrioid adenocarcinoma, Ovary Serous Cystadenocarcinoma","Liver, Lung, Head and Neck, Lung, Intestine, Other, Female","LIHC, LUAD, HNSC, LUSC, COAD, EAC, OV"
"CRIP1","-0.567417, -0.971324, -1.19919","7.42e-07, 5.52e-13, 4.01e-25","Colon Adenocarcinoma, Head and Neck Squamous Cell Carcinoma, Lung Squamous Cell Carcinoma","Intestine, Head and Neck, Lung","COAD, HNSC, LUSC"
"CSF1","-0.686861","2.09e-08","Lung Squamous Cell Carcinoma","Lung","LUSC"
"CSF1R","0.740176, -0.517003, -0.623574","9.44e-15, 1.61e-07, 1.61e-10","Kidney Renal Clear Cell Carcinoma, Head and Neck Squamous Cell Carcinoma, Colon Adenocarcinoma","Kidney, Head and Neck, Intestine","KIRC, HNSC, COAD"
"CST3","-0.504475, -0.509423, -0.736819, -1.08366","1.24e-11, 1.88e-19, 1.01e-15, 9.8e-24","Colon Adenocarcinoma, Lung Squamous Cell Carcinoma, Head and Neck Squamous Cell Carcinoma, Kidney Renal Clear Cell Carcinoma","Intestine, Lung, Head and Neck, Kidney","COAD, LUSC, HNSC, KIRC"
"CSTA","1.75202, 1.25704, 1.21934, 1.08065, 1.03702, 0.997068, -1.61748","0.0303, 3.25e-20, 7.23e-13, 2.8e-06, 0.0059, 1.5e-11, 6.41e-13","Glioblastoma Multiforme, Kidney Renal Clear Cell Carcinoma, Lung Squamous Cell Carcinoma, Endometrioid adenocarcinoma, Uterine Corpus Endometrial Carcinoma, Pancreatic ductal adenocarcinoma, Head and Neck Squamous Cell Carcinoma","Brain, Kidney, Lung, Other, Female, Pancreas, Head and Neck","GBM, KIRC, LUSC, EAC, UCEC, PDAC, HNSC"
"CTSB","0.716433, 0.635559","1.24e-11, 9.58e-16","Endometrioid adenocarcinoma, Pancreatic ductal adenocarcinoma","Other, Pancreas","EAC, PDAC"
"CTSL","-0.500414","4.52e-14","Kidney Renal Clear Cell Carcinoma","Kidney","KIRC"
"CTSS","1.15506, 0.842063, 0.702661, 0.624892, -0.545039","0.037, 5.45e-12, 7.04e-09, 0.0211, 9.22e-05","Glioblastoma Multiforme, Endometrioid adenocarcinoma, Pancreatic ductal adenocarcinoma, Uterine Corpus Endometrial Carcinoma, Lung Squamous Cell Carcinoma","Brain, Other, Pancreas, Female, Lung","GBM, EAC, PDAC, UCEC, LUSC"
"CXCL5","1.36137","1.11e-10","Pancreatic ductal adenocarcinoma","Pancreas","PDAC"
"CXCL8","1.47149","0.00256","Uterine Corpus Endometrial Carcinoma","Female","UCEC"
"CYP1B1","0.728548, -1.15653, -1.40197","4.01e-07, 3.47e-10, 6e-05","Pancreatic ductal adenocarcinoma, Endometrioid adenocarcinoma, Uterine Corpus Endometrial Carcinoma","Pancreas, Other, Female","PDAC, EAC, UCEC"
"CYP27A1","-0.74869, -1.26499, -1.2706","4.1e-16, 1.73e-23, 1.65e-25","Lung Adenocarcinoma, Kidney Renal Clear Cell Carcinoma, Lung Squamous Cell Carcinoma","Lung, Kidney, Lung","LUAD, KIRC, LUSC"
"DACH1","0.584494, -1.19515, -1.2443, -1.26897","0.0495, 1.1e-20, 1.11e-21, 4.1e-22","Colon Adenocarcinoma, Kidney Renal Clear Cell Carcinoma, Lung Adenocarcinoma, Lung Squamous Cell Carcinoma","Intestine, Kidney, Lung, Lung","COAD, KIRC, LUAD, LUSC"
"DEFA3","1.4925, 1.08714, 1.07712","8.44e-13, 8.06e-09, 2.94e-05","Head and Neck Squamous Cell Carcinoma, Colon Adenocarcinoma, Pancreatic ductal adenocarcinoma","Head and Neck, Intestine, Pancreas","HNSC, COAD, PDAC"
"DUSP1","-0.86494, -0.94553","9.7e-08, 6.25e-11","Lung Squamous Cell Carcinoma, Liver Hepatocellular Carcinoma","Lung, Liver","LUSC, LIHC"
"DYSF","0.688646, -0.603767, -0.784618, -0.799175, -0.860656","1.98e-16, 4.5e-19, 0.00449, 3.75e-24, 0.000128","Kidney Renal Clear Cell Carcinoma, Lung Adenocarcinoma, Uterine Corpus Endometrial Carcinoma, Lung Squamous Cell Carcinoma, Ovary Serous Cystadenocarcinoma","Kidney, Lung, Female, Lung, Female","KIRC, LUAD, UCEC, LUSC, OV"
"EARS2","-0.702485, -1.03866, -1.5865","5.09e-11, 7.19e-21, 0.00222","Pancreatic ductal adenocarcinoma, Kidney Renal Clear Cell Carcinoma, Glioblastoma Multiforme","Pancreas, Kidney, Brain","PDAC, KIRC, GBM"
"EIF2AK3","-0.840822","1.11e-11","Pancreatic ductal adenocarcinoma","Pancreas","PDAC"
"EIF3M","-0.564956","7.18e-15","Pancreatic ductal adenocarcinoma","Pancreas","PDAC"
"ENG","1.002, 0.569029, 0.557632, -0.559095, -0.62136, -0.701068, -1.35743","0.00565, 3.7e-20, 3.25e-13, 7.48e-13, 5.9e-05, 4.13e-26, 7.9e-09","Glioblastoma Multiforme, Colon Adenocarcinoma, Head and Neck Squamous Cell Carcinoma, Liver Hepatocellular Carcinoma, Endometrioid adenocarcinoma, Lung Squamous Cell Carcinoma, Uterine Corpus Endometrial Carcinoma","Brain, Intestine, Head and Neck, Liver, Other, Lung, Female","GBM, COAD, HNSC, LIHC, EAC, LUSC, UCEC"
"ENTPD1","1.1145, 0.723178, -0.558165, -0.632794, -0.704261, -1.03035, -1.17019, -1.31048","1.32e-25, 5.51e-16, 1.59e-13, 8.76e-20, 2.62e-18, 4.32e-06, 8.68e-11, 3.43e-08","Kidney Renal Clear Cell Carcinoma, Pancreatic ductal adenocarcinoma, Colon Adenocarcinoma, Lung Adenocarcinoma, Lung Squamous Cell Carcinoma, Ovary Serous Cystadenocarcinoma, Endometrioid adenocarcinoma, Uterine Corpus Endometrial Carcinoma","Kidney, Pancreas, Intestine, Lung, Lung, Female, Other, Female","KIRC, PDAC, COAD, LUAD, LUSC, OV, EAC, UCEC"
"EP300","0.533269","0.0155","Glioblastoma Multiforme","Brain","GBM"
"ERN1","-0.599892","2.74e-05","Pancreatic ductal adenocarcinoma","Pancreas","PDAC"
"ETS1","0.554172","1.38e-13","Kidney Renal Clear Cell Carcinoma","Kidney","KIRC"
"EVI2B","1.38467, 1.21778, 0.762696","0.0102, 3.02e-22, 1.71e-06","Glioblastoma Multiforme, Kidney Renal Clear Cell Carcinoma, Pancreatic ductal adenocarcinoma","Brain, Kidney, Pancreas","GBM, KIRC, PDAC"
"F2RL1","-0.928813","0.00197","Kidney Renal Clear Cell Carcinoma","Kidney","KIRC"
"FABP5","1.27722, 0.849082, -0.757973","1.95e-35, 3.3e-13, 9.86e-16","Liver Hepatocellular Carcinoma, Kidney Renal Clear Cell Carcinoma, Lung Adenocarcinoma","Liver, Kidney, Lung","LIHC, KIRC, LUAD"
"FAS","0.699379, 0.637118, 0.550576, -0.517269, -0.811643","1.66e-13, 2.21e-12, 0.000339, 3.03e-11, 5.33e-26","Kidney Renal Clear Cell Carcinoma, Pancreatic ductal adenocarcinoma, Endometrioid adenocarcinoma, Lung Squamous Cell Carcinoma, Liver Hepatocellular Carcinoma","Kidney, Pancreas, Other, Lung, Liver","KIRC, PDAC, EAC, LUSC, LIHC"
"FCER1A","-0.897396","0.045","Lung Squamous Cell Carcinoma","Lung","LUSC"
"FCER1G","2.48773, 2.41479, 1.52276, 1.26019, 1.05015, 1.04217, -0.739046","2.16e-27, 0.00293, 1.29e-12, 5.9e-14, 5.22e-05, 3.6e-14, 1.74e-17","Kidney Renal Clear Cell Carcinoma, Glioblastoma Multiforme, Head and Neck Squamous Cell Carcinoma, Pancreatic ductal adenocarcinoma, Endometrioid adenocarcinoma, Colon Adenocarcinoma, Liver Hepatocellular Carcinoma","Kidney, Brain, Head and Neck, Pancreas, Other, Intestine, Liver","KIRC, GBM, HNSC, PDAC, EAC, COAD, LIHC"
"FCGR1A","1.40208, 1.2261","1.06e-26, 0.0191","Kidney Renal Clear Cell Carcinoma, Glioblastoma Multiforme","Kidney, Brain","KIRC, GBM"
"FCGR2A","1.30325","1.95e-19","Kidney Renal Clear Cell Carcinoma","Kidney","KIRC"
"FCGR3A","1.8616, 1.61673, 1.07558, 0.7117, 0.532364, -0.716559","0.00248, 1.88e-26, 1.1e-13, 3.25e-05, 0.00173, 7.07e-23","Glioblastoma Multiforme, Kidney Renal Clear Cell Carcinoma, Pancreatic ductal adenocarcinoma, Head and Neck Squamous Cell Carcinoma, Colon Adenocarcinoma, Liver Hepatocellular Carcinoma","Brain, Kidney, Pancreas, Head and Neck, Intestine, Liver","GBM, KIRC, PDAC, HNSC, COAD, LIHC"
"FCN1","0.906968, 0.641731, -0.700594, -0.721534, -0.812993","0.000138, 3.31e-07, 1.59e-11, 6.76e-06, 1.68e-27","Head and Neck Squamous Cell Carcinoma, Kidney Renal Clear Cell Carcinoma, Lung Adenocarcinoma, Lung Squamous Cell Carcinoma, Liver Hepatocellular Carcinoma","Head and Neck, Kidney, Lung, Lung, Liver","HNSC, KIRC, LUAD, LUSC, LIHC"
"FES","-0.527503","1.05e-21","Lung Squamous Cell Carcinoma","Lung","LUSC"
"FHL3","0.944918, 0.808515, 0.533577, -0.517798, -0.541514, -0.739654","0.0119, 5.52e-18, 1.99e-19, 0.041, 6.96e-10, 1.8e-08","Glioblastoma Multiforme, Pancreatic ductal adenocarcinoma, Lung Adenocarcinoma, Uterine Corpus Endometrial Carcinoma, Kidney Renal Clear Cell Carcinoma, Endometrioid adenocarcinoma","Brain, Pancreas, Lung, Female, Kidney, Other","GBM, PDAC, LUAD, UCEC, KIRC, EAC"
"FOLR3","-0.636146","2.26e-06","Lung Squamous Cell Carcinoma","Lung","LUSC"
"FOSB","-1.03423","3.47e-07","Lung Squamous Cell Carcinoma","Lung","LUSC"
"FSTL1","1.40403, 1.10383, 0.780891, 0.512462","0.00365, 1.24e-18, 1.3e-07, 1.45e-08","Glioblastoma Multiforme, Pancreatic ductal adenocarcinoma, Kidney Renal Clear Cell Carcinoma, Lung Squamous Cell Carcinoma","Brain, Pancreas, Kidney, Lung","GBM, PDAC, KIRC, LUSC"
"FTH1","1.47741, 0.566966, -0.833223, -1.05378, -1.58686","6.68e-20, 7.42e-07, 1.02e-11, 3.6e-21, 1.56e-08","Kidney Renal Clear Cell Carcinoma, Pancreatic ductal adenocarcinoma, Endometrioid adenocarcinoma, Liver Hepatocellular Carcinoma, Uterine Corpus Endometrial Carcinoma","Kidney, Pancreas, Other, Liver, Female","KIRC, PDAC, EAC, LIHC, UCEC"
"GART","0.964185, 0.52706","0.00222, 1.01e-27","Glioblastoma Multiforme, Lung Squamous Cell Carcinoma","Brain, Lung","GBM, LUSC"
"GATA3","-0.704639","0.0395","Kidney Renal Clear Cell Carcinoma","Kidney","KIRC"
"GBP1","1.64914, 1.20882, 1.05538, 0.926484","0.0074, 2.53e-22, 2.69e-14, 1.05e-18","Glioblastoma Multiforme, Kidney Renal Clear Cell Carcinoma, Head and Neck Squamous Cell Carcinoma, Pancreatic ductal adenocarcinoma","Brain, Kidney, Head and Neck, Pancreas","GBM, KIRC, HNSC, PDAC"
"GGT5","0.967921, -0.694893, -0.769268, -0.945475, -0.989008, -1.50089, -1.58155","0.0352, 9.09e-16, 2.02e-08, 4.66e-05, 0.00102, 1.59e-45, 1.93e-26","Glioblastoma Multiforme, Head and Neck Squamous Cell Carcinoma, Endometrioid adenocarcinoma, Uterine Corpus Endometrial Carcinoma, Ovary Serous Cystadenocarcinoma, Liver Hepatocellular Carcinoma, Kidney Renal Clear Cell Carcinoma","Brain, Head and Neck, Other, Female, Female, Liver, Kidney","GBM, HNSC, EAC, UCEC, OV, LIHC, KIRC"
"GLRX","-0.563539","6.97e-20","Liver Hepatocellular Carcinoma","Liver","LIHC"
"GLUL","0.51622, -1.5214","0.0016, 0.00665","Endometrioid adenocarcinoma, Glioblastoma Multiforme","Other, Brain","EAC, GBM"
"GPC4","-0.520968, -0.855298","3.66e-13, 1.04e-19","Colon Adenocarcinoma, Kidney Renal Clear Cell Carcinoma","Intestine, Kidney","COAD, KIRC"
"GPX4","-0.60085, -1.14534","2.67e-22, 0.00222","Liver Hepatocellular Carcinoma, Glioblastoma Multiforme","Liver, Brain","LIHC, GBM"
"GSN","-0.51503, -0.542314, -1.01834","1.1e-24, 5.99e-07, 1.13e-22","Lung Squamous Cell Carcinoma, Endometrioid adenocarcinoma, Colon Adenocarcinoma","Lung, Other, Intestine","LUSC, EAC, COAD"
"GUSB","0.809884, 0.536621","7.45e-08, 0.0264","Pancreatic ductal adenocarcinoma, Ovary Serous Cystadenocarcinoma","Pancreas, Female","PDAC, OV"
"HBB","1.08958, -0.728547, -0.791011, -1.0283, -1.0883, -1.18589, -1.90266, -2.03411","2.28e-09, 5.45e-20, 3.41e-06, 2.63e-12, 1.78e-08, 0.00659, 1.05e-29, 1.11e-28","Kidney Renal Clear Cell Carcinoma, Liver Hepatocellular Carcinoma, Pancreatic ductal adenocarcinoma, Colon Adenocarcinoma, Head and Neck Squamous Cell Carcinoma, Ovary Serous Cystadenocarcinoma, Lung Adenocarcinoma, Lung Squamous Cell Carcinoma","Kidney, Liver, Pancreas, Intestine, Head and Neck, Female, Lung, Lung","KIRC, LIHC, PDAC, COAD, HNSC, OV, LUAD, LUSC"
"HCK","0.883653, 0.810458, 0.752471, 0.655731","1.46e-23, 0.0453, 1.1e-18, 2.24e-14","Kidney Renal Clear Cell Carcinoma, Glioblastoma Multiforme, Pancreatic ductal adenocarcinoma, Head and Neck Squamous Cell Carcinoma","Kidney, Brain, Pancreas, Head and Neck","KIRC, GBM, PDAC, HNSC"
"HDAC1","1.34827","0.00222","Glioblastoma Multiforme","Brain","GBM"
"HIF1A","1.32004, 0.932117","4.77e-19, 6.2e-05","Lung Squamous Cell Carcinoma, Endometrioid adenocarcinoma","Lung, Other","LUSC, EAC"
"HK3","0.922269, 0.724223, 0.692458, 0.674888, 0.627955, -0.69924, -0.786686","1.67e-19, 1.97e-21, 0.00165, 3.06e-12, 2.72e-07, 0.000159, 1.68e-27","Pancreatic ductal adenocarcinoma, Kidney Renal Clear Cell Carcinoma, Uterine Corpus Endometrial Carcinoma, Head and Neck Squamous Cell Carcinoma, Endometrioid adenocarcinoma, Ovary Serous Cystadenocarcinoma, Liver Hepatocellular Carcinoma","Pancreas, Kidney, Female, Head and Neck, Other, Female, Liver","PDAC, KIRC, UCEC, HNSC, EAC, OV, LIHC"
"HLA-DMA","1.06449, 0.953213, 0.568192, -0.907387","4.31e-21, 4.97e-07, 0.0132, 5.33e-13","Kidney Renal Clear Cell Carcinoma, Head and Neck Squamous Cell Carcinoma, Endometrioid adenocarcinoma, Lung Squamous Cell Carcinoma","Kidney, Head and Neck, Other, Lung","KIRC, HNSC, EAC, LUSC"
"HLA-DPA1","0.796454, -0.801701","3.49e-23, 5.04e-20","Kidney Renal Clear Cell Carcinoma, Lung Squamous Cell Carcinoma","Kidney, Lung","KIRC, LUSC"
"HLA-DPB1","1.6626, 0.93431, 0.652284, -0.807482","0.0431, 1.07e-19, 6.3e-10, 2.64e-15","Glioblastoma Multiforme, Kidney Renal Clear Cell Carcinoma, Pancreatic ductal adenocarcinoma, Lung Squamous Cell Carcinoma","Brain, Kidney, Pancreas, Lung","GBM, KIRC, PDAC, LUSC"
"HLA-DQA1","1.88324, 1.22287, 0.662387, -0.941681","0.00597, 1.25e-19, 1.47e-06, 1.59e-14","Glioblastoma Multiforme, Kidney Renal Clear Cell Carcinoma, Pancreatic ductal adenocarcinoma, Lung Squamous Cell Carcinoma","Brain, Kidney, Pancreas, Lung","GBM, KIRC, PDAC, LUSC"
"HLA-DQB1","1.05217, 0.562028, -0.858002","3.42e-22, 3.31e-06, 2.68e-13","Kidney Renal Clear Cell Carcinoma, Pancreatic ductal adenocarcinoma, Lung Squamous Cell Carcinoma","Kidney, Pancreas, Lung","KIRC, PDAC, LUSC"
"HLA-DRA","1.53136, 1.02426, 0.565097, -1.09945","0.00781, 8.52e-26, 0.000535, 1.14e-23","Glioblastoma Multiforme, Kidney Renal Clear Cell Carcinoma, Endometrioid adenocarcinoma, Lung Squamous Cell Carcinoma","Brain, Kidney, Other, Lung","GBM, KIRC, EAC, LUSC"
"HLA-DRB1","1.30164, 0.735261, -0.882144","0.00507, 2.3e-17, 6.29e-21","Glioblastoma Multiforme, Kidney Renal Clear Cell Carcinoma, Lung Squamous Cell Carcinoma","Brain, Kidney, Lung","GBM, KIRC, LUSC"
"HLA-DRB5","1.58127, 0.979625, -0.976413","0.0119, 1.93e-17, 2.89e-16","Glioblastoma Multiforme, Kidney Renal Clear Cell Carcinoma, Lung Squamous Cell Carcinoma","Brain, Kidney, Lung","GBM, KIRC, LUSC"
"HMGB2","1.15899, 0.635178","0.00248, 0.000181","Glioblastoma Multiforme, Ovary Serous Cystadenocarcinoma","Brain, Female","GBM, OV"
"HMOX1","0.634334, -0.733257","3.05e-15, 1.75e-29","Kidney Renal Clear Cell Carcinoma, Liver Hepatocellular Carcinoma","Kidney, Liver","KIRC, LIHC"
"HNMT","0.952367, -0.59695, -0.799512, -0.895921","0.0223, 8.58e-26, 2.58e-24, 6e-04","Glioblastoma Multiforme, Liver Hepatocellular Carcinoma, Lung Squamous Cell Carcinoma, Uterine Corpus Endometrial Carcinoma","Brain, Liver, Lung, Female","GBM, LIHC, LUSC, UCEC"
"HPSE","0.661305","0.00393","Kidney Renal Clear Cell Carcinoma","Kidney","KIRC"
"HSD17B11","-0.642767, -0.97381","0.00314, 1.25e-27","Ovary Serous Cystadenocarcinoma, Lung Squamous Cell Carcinoma","Female, Lung","OV, LUSC"
"HSPA5","0.699334, -0.958106","3.93e-06, 1.05e-19","Ovary Serous Cystadenocarcinoma, Pancreatic ductal adenocarcinoma","Female, Pancreas","OV, PDAC"
"HSPD1","0.727785, 0.600959, 0.593043, 0.543152, -0.562692, -0.637738, -0.825302","3.63e-26, 6.21e-26, 2.68e-17, 0.0379, 3.15e-14, 0.0247, 4.13e-19","Lung Squamous Cell Carcinoma, Colon Adenocarcinoma, Lung Adenocarcinoma, Ovary Serous Cystadenocarcinoma, Pancreatic ductal adenocarcinoma, Glioblastoma Multiforme, Kidney Renal Clear Cell Carcinoma","Lung, Intestine, Lung, Female, Pancreas, Brain, Kidney","LUSC, COAD, LUAD, OV, PDAC, GBM, KIRC"
"ICAM3","0.938285, 0.837712, 0.526468","3.41e-17, 2.2e-07, 5.16e-06","Kidney Renal Clear Cell Carcinoma, Pancreatic ductal adenocarcinoma, Head and Neck Squamous Cell Carcinoma","Kidney, Pancreas, Head and Neck","KIRC, PDAC, HNSC"
"ICOSLG","-0.707358, -0.756818, -0.840439","0.0304, 0.00236, 8.09e-11","Endometrioid adenocarcinoma, Head and Neck Squamous Cell Carcinoma, Lung Squamous Cell Carcinoma","Other, Head and Neck, Lung","EAC, HNSC, LUSC"
"IFI16","1.52389, 0.887381, 0.654305, 0.646073, -0.553252, -0.876694","0.00327, 3.06e-22, 7.2e-13, 4.44e-25, 2.96e-09, 7.89e-06","Glioblastoma Multiforme, Kidney Renal Clear Cell Carcinoma, Pancreatic ductal adenocarcinoma, Lung Squamous Cell Carcinoma, Endometrioid adenocarcinoma, Uterine Corpus Endometrial Carcinoma","Brain, Kidney, Pancreas, Lung, Other, Female","GBM, KIRC, PDAC, LUSC, EAC, UCEC"
"IFI44","1.01357, 0.814542","3.69e-09, 7.07e-07","Head and Neck Squamous Cell Carcinoma, Pancreatic ductal adenocarcinoma","Head and Neck, Pancreas","HNSC, PDAC"
"IGHA1","0.926846, -1.23498","0.0103, 7.64e-06","Head and Neck Squamous Cell Carcinoma, Ovary Serous Cystadenocarcinoma","Head and Neck, Female","HNSC, OV"
"IGSF6","-0.523694","2.44e-17","Liver Hepatocellular Carcinoma","Liver","LIHC"
"IL18","1.60293, 1.03923, 0.724604, 0.517527","0.00455, 2e-12, 0.041, 1.6e-10","Glioblastoma Multiforme, Endometrioid adenocarcinoma, Uterine Corpus Endometrial Carcinoma, Pancreatic ductal adenocarcinoma","Brain, Other, Female, Pancreas","GBM, EAC, UCEC, PDAC"
"IL18R1","-0.636881, -0.656425, -0.831268","4.77e-05, 0.000452, 1.2e-13","Lung Squamous Cell Carcinoma, Lung Adenocarcinoma, Liver Hepatocellular Carcinoma","Lung, Lung, Liver","LUSC, LUAD, LIHC"
"IL1R1","-1.22571","0.000735","Uterine Corpus Endometrial Carcinoma","Female","UCEC"
"IL1RL1","-1.02063, -1.13943","0.00255, 8.38e-06","Lung Adenocarcinoma, Lung Squamous Cell Carcinoma","Lung, Lung","LUAD, LUSC"
"IL33","-1.0379, -1.29613, -1.44807, -1.649, -1.65223, -1.82843","2.63e-39, 0.0059, 6.26e-10, 2.89e-20, 1.43e-29, 5.13e-30","Liver Hepatocellular Carcinoma, Uterine Corpus Endometrial Carcinoma, Endometrioid adenocarcinoma, Head and Neck Squamous Cell Carcinoma, Lung Adenocarcinoma, Lung Squamous Cell Carcinoma","Liver, Female, Other, Head and Neck, Lung, Lung","LIHC, UCEC, EAC, HNSC, LUAD, LUSC"
"IL3RA","-0.662798, -0.939123","2.19e-15, 1.66e-24","Lung Adenocarcinoma, Lung Squamous Cell Carcinoma","Lung, Lung","LUAD, LUSC"
"IRAK3","0.786471","1.06e-12","Pancreatic ductal adenocarcinoma","Pancreas","PDAC"
"ISG15","1.19485, 0.905107, 0.84297, 0.686672","1.86e-13, 1.81e-22, 6.6e-18, 3.45e-06","Head and Neck Squamous Cell Carcinoma, Kidney Renal Clear Cell Carcinoma, Pancreatic ductal adenocarcinoma, Endometrioid adenocarcinoma","Head and Neck, Kidney, Pancreas, Other","HNSC, KIRC, PDAC, EAC"
"ISG20","1.18118, 0.870114, 0.806578, 0.660836","1.05e-21, 1.19e-13, 2.19e-09, 1.74e-06","Kidney Renal Clear Cell Carcinoma, Pancreatic ductal adenocarcinoma, Endometrioid adenocarcinoma, Head and Neck Squamous Cell Carcinoma","Kidney, Pancreas, Other, Head and Neck","KIRC, PDAC, EAC, HNSC"
"ITGA5","1.03414, 0.90324, -0.598512, -1.22484, -1.3435, -1.37988","0.00701, 1.48e-24, 2.13e-05, 2.1e-14, 1.72e-07, 3.42e-17","Glioblastoma Multiforme, Kidney Renal Clear Cell Carcinoma, Ovary Serous Cystadenocarcinoma, Endometrioid adenocarcinoma, Uterine Corpus Endometrial Carcinoma, Colon Adenocarcinoma","Brain, Kidney, Female, Other, Female, Intestine","GBM, KIRC, OV, EAC, UCEC, COAD"
"ITGAL","1.23609, 0.607784, 0.541669","2.17e-23, 6.77e-07, 2.31e-05","Kidney Renal Clear Cell Carcinoma, Pancreatic ductal adenocarcinoma, Head and Neck Squamous Cell Carcinoma","Kidney, Pancreas, Head and Neck","KIRC, PDAC, HNSC"
"ITGAM","1.02922, 0.921219, 0.839644","3.13e-24, 2.83e-16, 3.31e-11","Kidney Renal Clear Cell Carcinoma, Pancreatic ductal adenocarcinoma, Head and Neck Squamous Cell Carcinoma","Kidney, Pancreas, Head and Neck","KIRC, PDAC, HNSC"
"ITGB2","1.34845, 1.12106, 0.847987, 0.80632, -0.630692","1.68e-25, 0.0147, 7.02e-14, 2.92e-13, 0.00258","Kidney Renal Clear Cell Carcinoma, Glioblastoma Multiforme, Head and Neck Squamous Cell Carcinoma, Pancreatic ductal adenocarcinoma, Ovary Serous Cystadenocarcinoma","Kidney, Brain, Head and Neck, Pancreas, Female","KIRC, GBM, HNSC, PDAC, OV"
"ITM2B","0.599652","9.64e-13","Pancreatic ductal adenocarcinoma","Pancreas","PDAC"
"JAK2","-0.533055, -0.604216, -0.604318, -0.646792","2.01e-23, 0.0154, 1.65e-28, 5.05e-09","Lung Squamous Cell Carcinoma, Uterine Corpus Endometrial Carcinoma, Lung Adenocarcinoma, Endometrioid adenocarcinoma","Lung, Female, Lung, Other","LUSC, UCEC, LUAD, EAC"
"KRT23","1.51781, 1.20924, 1.13732, 1.11705, 1.05438, -1.34059","2.89e-12, 1.29e-12, 7.8e-13, 0.000983, 8.53e-10, 1.49e-10","Endometrioid adenocarcinoma, Pancreatic ductal adenocarcinoma, Lung Squamous Cell Carcinoma, Uterine Corpus Endometrial Carcinoma, Lung Adenocarcinoma, Kidney Renal Clear Cell Carcinoma","Other, Pancreas, Lung, Female, Lung, Kidney","EAC, PDAC, LUSC, UCEC, LUAD, KIRC"
"LDHA","1.07728, 0.677529, 0.540664, 0.518168, 0.514728, 0.508571","1.39e-26, 2.97e-26, 4.59e-10, 0.000488, 2.35e-21, 2.46e-17","Kidney Renal Clear Cell Carcinoma, Lung Adenocarcinoma, Endometrioid adenocarcinoma, Uterine Corpus Endometrial Carcinoma, Lung Squamous Cell Carcinoma, Pancreatic ductal adenocarcinoma","Kidney, Lung, Other, Female, Lung, Pancreas","KIRC, LUAD, EAC, UCEC, LUSC, PDAC"
"LGALS1","0.776804, 0.775502, -0.672063, -0.850817, -0.872943","6.09e-19, 1.78e-20, 0.00305, 2.71e-10, 6.25e-11","Pancreatic ductal adenocarcinoma, Kidney Renal Clear Cell Carcinoma, Uterine Corpus Endometrial Carcinoma, Endometrioid adenocarcinoma, Colon Adenocarcinoma","Pancreas, Kidney, Female, Other, Intestine","PDAC, KIRC, UCEC, EAC, COAD"
"LGALS2","-0.624619, -1.12572, -1.813","0.00866, 1.6e-13, 6.67e-19","Kidney Renal Clear Cell Carcinoma, Colon Adenocarcinoma, Pancreatic ductal adenocarcinoma","Kidney, Intestine, Pancreas","KIRC, COAD, PDAC"
"LGALS3","0.994001, -0.506802, -0.617879","6.04e-24, 2.47e-15, 5.27e-22","Kidney Renal Clear Cell Carcinoma, Head and Neck Squamous Cell Carcinoma, Lung Squamous Cell Carcinoma","Kidney, Head and Neck, Lung","KIRC, HNSC, LUSC"
"LGALS9","1.18406, 1.09061, 0.712866","1.36e-25, 0.0288, 2.49e-16","Kidney Renal Clear Cell Carcinoma, Glioblastoma Multiforme, Pancreatic ductal adenocarcinoma","Kidney, Brain, Pancreas","KIRC, GBM, PDAC"
"LILRA2","-0.643811","4.08e-11","Lung Squamous Cell Carcinoma","Lung","LUSC"
"LILRB2","0.635132","4.59e-07","Head and Neck Squamous Cell Carcinoma","Head and Neck","HNSC"
"LILRB4","1.29872, 0.992715, 0.818878","6.57e-22, 7.17e-05, 1.11e-06","Kidney Renal Clear Cell Carcinoma, Endometrioid adenocarcinoma, Head and Neck Squamous Cell Carcinoma","Kidney, Other, Head and Neck","KIRC, EAC, HNSC"
"LIPA","0.86128, 0.510589, -0.729409, -0.950933","8.91e-20, 1.63e-08, 1.67e-11, 1.04e-17","Kidney Renal Clear Cell Carcinoma, Head and Neck Squamous Cell Carcinoma, Lung Adenocarcinoma, Lung Squamous Cell Carcinoma","Kidney, Head and Neck, Lung, Lung","KIRC, HNSC, LUAD, LUSC"
"LITAF","1.33264, 0.626352","1.84e-13, 0.000102","Pancreatic ductal adenocarcinoma, Head and Neck Squamous Cell Carcinoma","Pancreas, Head and Neck","PDAC, HNSC"
"LRG1","1.33835, -0.694658, -0.754929, -0.761306, -0.909337, -1.13733, -1.19403, -1.35754","0.0318, 0.0212, 0.00184, 1.7e-07, 2.93e-19, 8.56e-19, 1.34e-22, 4.96e-18","Glioblastoma Multiforme, Ovary Serous Cystadenocarcinoma, Uterine Corpus Endometrial Carcinoma, Endometrioid adenocarcinoma, Lung Adenocarcinoma, Colon Adenocarcinoma, Lung Squamous Cell Carcinoma, Head and Neck Squamous Cell Carcinoma","Brain, Female, Female, Other, Lung, Intestine, Lung, Head and Neck","GBM, OV, UCEC, EAC, LUAD, COAD, LUSC, HNSC"
"LST1","-0.53655","1.61e-13","Liver Hepatocellular Carcinoma","Liver","LIHC"
"LY6E","1.35094, 0.999191, 0.547714, -3.47329","7.61e-14, 1.64e-13, 7.07e-05, 0.00225","Pancreatic ductal adenocarcinoma, Head and Neck Squamous Cell Carcinoma, Lung Adenocarcinoma, Glioblastoma Multiforme","Pancreas, Head and Neck, Lung, Brain","PDAC, HNSC, LUAD, GBM"
"LYZ","0.746123, 0.718032, -0.65281, -0.668234, -1.78156","2.19e-08, 2.15e-09, 6.21e-08, 7.89e-12, 4.76e-23","Pancreatic ductal adenocarcinoma, Colon Adenocarcinoma, Lung Squamous Cell Carcinoma, Lung Adenocarcinoma, Kidney Renal Clear Cell Carcinoma","Pancreas, Intestine, Lung, Lung, Kidney","PDAC, COAD, LUSC, LUAD, KIRC"
"MAP1LC3B","-0.749699","3.05e-09","Endometrioid adenocarcinoma","Other","EAC"
"MAPK1","-0.639377","0.0335","Glioblastoma Multiforme","Brain","GBM"
"MAPK14","0.794129","0.00431","Glioblastoma Multiforme","Brain","GBM"
"MAPK3","-0.58551, -0.704301","1.6e-31, 0.00868","Lung Squamous Cell Carcinoma, Glioblastoma Multiforme","Lung, Brain","LUSC, GBM"
"MARCKS","0.796729, 0.704793, -0.634935","4.03e-19, 1.64e-13, 4.87e-12","Kidney Renal Clear Cell Carcinoma, Head and Neck Squamous Cell Carcinoma, Colon Adenocarcinoma","Kidney, Head and Neck, Intestine","KIRC, HNSC, COAD"
"MARCKSL1","0.907473, 0.896959, 0.788085, 0.756405, 0.580058, 0.57171, 0.564984","1.25e-11, 3.34e-24, 5.98e-13, 9.88e-17, 0.00413, 1.59e-11, 2.41e-09","Head and Neck Squamous Cell Carcinoma, Lung Adenocarcinoma, Kidney Renal Clear Cell Carcinoma, Lung Squamous Cell Carcinoma, Endometrioid adenocarcinoma, Pancreatic ductal adenocarcinoma, Colon Adenocarcinoma","Head and Neck, Lung, Kidney, Lung, Other, Pancreas, Intestine","HNSC, LUAD, KIRC, LUSC, EAC, PDAC, COAD"
"MARCO","0.886528, -0.776673, -1.35848, -1.87185","4.21e-05, 4.09e-15, 1.69e-24, 4e-45","Pancreatic ductal adenocarcinoma, Lung Adenocarcinoma, Lung Squamous Cell Carcinoma, Liver Hepatocellular Carcinoma","Pancreas, Lung, Lung, Liver","PDAC, LUAD, LUSC, LIHC"
"MBD2","0.716433","0.0113","Glioblastoma Multiforme","Brain","GBM"
"MEFV","-0.600746","7.06e-14","Lung Adenocarcinoma","Lung","LUAD"
"MGST1","-0.621484, -0.764706, -0.883541","8e-07, 8.2e-34, 3.39e-10","Kidney Renal Clear Cell Carcinoma, Liver Hepatocellular Carcinoma, Pancreatic ductal adenocarcinoma","Kidney, Liver, Pancreas","KIRC, LIHC, PDAC"
"MMP10","0.77405","0.00102","Pancreatic ductal adenocarcinoma","Pancreas","PDAC"
"MMP9","0.940855, 0.86183, 0.575447, 0.520088, -0.53846, -0.896183","3.54e-07, 0.0202, 0.0104, 0.000333, 5.03e-12, 5.65e-12","Head and Neck Squamous Cell Carcinoma, Endometrioid adenocarcinoma, Kidney Renal Clear Cell Carcinoma, Colon Adenocarcinoma, Liver Hepatocellular Carcinoma, Lung Adenocarcinoma","Head and Neck, Other, Kidney, Intestine, Liver, Lung","HNSC, EAC, KIRC, COAD, LIHC, LUAD"
"MNDA","1.09275, 1.06442, 0.922219, 0.729625","2.88e-19, 5.71e-14, 1.24e-12, 6.67e-08","Kidney Renal Clear Cell Carcinoma, Head and Neck Squamous Cell Carcinoma, Pancreatic ductal adenocarcinoma, Colon Adenocarcinoma","Kidney, Head and Neck, Pancreas, Intestine","KIRC, HNSC, PDAC, COAD"
"MRC1","0.666998, -0.724001, -0.757127, -0.860357, -0.951285, -1.05128, -1.13435, -1.46968","4.12e-10, 1.92e-16, 3.26e-16, 2e-09, 0.000199, 0.00176, 1.42e-46, 3.46e-29","Pancreatic ductal adenocarcinoma, Lung Adenocarcinoma, Colon Adenocarcinoma, Endometrioid adenocarcinoma, Uterine Corpus Endometrial Carcinoma, Ovary Serous Cystadenocarcinoma, Liver Hepatocellular Carcinoma, Lung Squamous Cell Carcinoma","Pancreas, Lung, Intestine, Other, Female, Female, Liver, Lung","PDAC, LUAD, COAD, EAC, UCEC, OV, LIHC, LUSC"
"MS4A6A","-0.588267, -0.718916","7.97e-07, 1.14e-06","Lung Adenocarcinoma, Lung Squamous Cell Carcinoma","Lung, Lung","LUAD, LUSC"
"MSMB","-1.33421","0.0468","Head and Neck Squamous Cell Carcinoma","Head and Neck","HNSC"
"MX1","1.04607, 0.851219, 0.624875","9.56e-14, 1.23e-06, 3.14e-07","Pancreatic ductal adenocarcinoma, Head and Neck Squamous Cell Carcinoma, Kidney Renal Clear Cell Carcinoma","Pancreas, Head and Neck, Kidney","PDAC, HNSC, KIRC"
"NAMPT","1.41791, 0.855266, 0.763534, 0.711796, 0.651745","0.0389, 1.63e-21, 1.72e-12, 2.66e-21, 4.53e-08","Glioblastoma Multiforme, Kidney Renal Clear Cell Carcinoma, Lung Squamous Cell Carcinoma, Colon Adenocarcinoma, Lung Adenocarcinoma","Brain, Kidney, Lung, Intestine, Lung","GBM, KIRC, LUSC, COAD, LUAD"
"NCF2","1.21211, 1.0675, 1.0506, 0.802285, 0.756522, 0.663099","0.00665, 3.98e-21, 6.24e-20, 3.06e-14, 0.00559, 3.62e-05","Glioblastoma Multiforme, Kidney Renal Clear Cell Carcinoma, Pancreatic ductal adenocarcinoma, Head and Neck Squamous Cell Carcinoma, Uterine Corpus Endometrial Carcinoma, Endometrioid adenocarcinoma","Brain, Kidney, Pancreas, Head and Neck, Female, Other","GBM, KIRC, PDAC, HNSC, UCEC, EAC"
"NFATC1","-0.558638","1.3e-06","Endometrioid adenocarcinoma","Other","EAC"
"NPC2","0.776847, 0.602076, -0.93375, -1.75895","4.93e-12, 0.00414, 4.97e-23, 3.01e-25","Endometrioid adenocarcinoma, Uterine Corpus Endometrial Carcinoma, Lung Squamous Cell Carcinoma, Kidney Renal Clear Cell Carcinoma","Other, Female, Lung, Kidney","EAC, UCEC, LUSC, KIRC"
"NR1D2","-0.907096","1.36e-08","Endometrioid adenocarcinoma","Other","EAC"
"P2RX7","1.63717, -0.628693","3.45e-18, 3.27e-07","Kidney Renal Clear Cell Carcinoma, Lung Squamous Cell Carcinoma","Kidney, Lung","KIRC, LUSC"
"P2RY13","-0.68992","9.89e-11","Liver Hepatocellular Carcinoma","Liver","LIHC"
"PABPC1","0.60467, 0.551659, 0.513174, 0.503447","3.04e-31, 1.16e-05, 2.37e-28, 6.94e-31","Lung Squamous Cell Carcinoma, Ovary Serous Cystadenocarcinoma, Colon Adenocarcinoma, Lung Adenocarcinoma","Lung, Female, Intestine, Lung","LUSC, OV, COAD, LUAD"
"PADI4","0.602445, 0.580358, 0.526088, -0.501144, -0.655593","0.000768, 0.00331, 0.021, 5.12e-14, 5.85e-08","Head and Neck Squamous Cell Carcinoma, Colon Adenocarcinoma, Kidney Renal Clear Cell Carcinoma, Liver Hepatocellular Carcinoma, Lung Adenocarcinoma","Head and Neck, Intestine, Kidney, Liver, Lung","HNSC, COAD, KIRC, LIHC, LUAD"
"PDE3A","-0.503078, -0.66438, -0.976598","1.97e-14, 5.04e-20, 4.43e-24","Pancreatic ductal adenocarcinoma, Lung Squamous Cell Carcinoma, Colon Adenocarcinoma","Pancreas, Lung, Intestine","PDAC, LUSC, COAD"
"PDE4A","-0.602496, -0.852418, -1.49833","0.00336, 8.77e-10, 0.00222","Pancreatic ductal adenocarcinoma, Endometrioid adenocarcinoma, Glioblastoma Multiforme","Pancreas, Other, Brain","PDAC, EAC, GBM"
"PI3","1.26995, 0.955933, -1.90554","6.35e-08, 0.0364, 2.12e-12","Pancreatic ductal adenocarcinoma, Lung Squamous Cell Carcinoma, Kidney Renal Clear Cell Carcinoma","Pancreas, Lung, Kidney","PDAC, LUSC, KIRC"
"PIGR","0.975027, -1.04778, -1.09001, -1.49369","1.42e-11, 0.00059, 1.6e-10, 1.12e-25","Pancreatic ductal adenocarcinoma, Head and Neck Squamous Cell Carcinoma, Kidney Renal Clear Cell Carcinoma, Lung Squamous Cell Carcinoma","Pancreas, Head and Neck, Kidney, Lung","PDAC, HNSC, KIRC, LUSC"
"PLA2G7","0.708843","2.48e-06","Kidney Renal Clear Cell Carcinoma","Kidney","KIRC"
"PLAC8","-0.587776","0.039","Liver Hepatocellular Carcinoma","Liver","LIHC"
"PLBD1","1.64869, 0.967711, 0.891077, 0.779377, 0.614061, 0.501249, -0.504438","0.0389, 6.37e-19, 0.038, 9.31e-05, 4.74e-11, 0.00291, 6.61e-05","Glioblastoma Multiforme, Pancreatic ductal adenocarcinoma, Uterine Corpus Endometrial Carcinoma, Endometrioid adenocarcinoma, Colon Adenocarcinoma, Head and Neck Squamous Cell Carcinoma, Lung Adenocarcinoma","Brain, Pancreas, Female, Other, Intestine, Head and Neck, Lung","GBM, PDAC, UCEC, EAC, COAD, HNSC, LUAD"
"PPBP","1.81816, -0.582786, -0.599067, -0.907695, -1.08189, -1.13238, -1.65017, -1.77583","0.0126, 0.0437, 0.015, 3.1e-12, 3.91e-07, 1e-27, 1.81e-26, 1.72e-27","Glioblastoma Multiforme, Endometrioid adenocarcinoma, Pancreatic ductal adenocarcinoma, Colon Adenocarcinoma, Head and Neck Squamous Cell Carcinoma, Liver Hepatocellular Carcinoma, Lung Adenocarcinoma, Lung Squamous Cell Carcinoma","Brain, Other, Pancreas, Intestine, Head and Neck, Liver, Lung, Lung","GBM, EAC, PDAC, COAD, HNSC, LIHC, LUAD, LUSC"
"PRNP","-1.05246, -1.34323, -1.76151, -2.092, -2.19006","0.000503, 8.67e-23, 1.9e-15, 1.96e-08, 0.00222","Ovary Serous Cystadenocarcinoma, Colon Adenocarcinoma, Endometrioid adenocarcinoma, Uterine Corpus Endometrial Carcinoma, Glioblastoma Multiforme","Female, Intestine, Other, Female, Brain","OV, COAD, EAC, UCEC, GBM"
"PSME2","1.38196, 0.585006, 0.54179","0.00222, 1.14e-24, 1.87e-12","Glioblastoma Multiforme, Kidney Renal Clear Cell Carcinoma, Endometrioid adenocarcinoma","Brain, Kidney, Other","GBM, KIRC, EAC"
"PTGS2","1.38316, 0.813251","0.0277, 0.000571","Colon Adenocarcinoma, Head and Neck Squamous Cell Carcinoma","Intestine, Head and Neck","COAD, HNSC"
"PYCARD","1.24343, 0.634786","2.95e-23, 2.44e-13","Kidney Renal Clear Cell Carcinoma, Pancreatic ductal adenocarcinoma","Kidney, Pancreas","KIRC, PDAC"
"QPCT","-1.11779","0.0196","Ovary Serous Cystadenocarcinoma","Female","OV"
"RAB44","-1.0574","0.00665","Glioblastoma Multiforme","Brain","GBM"
"RAMP1","-0.558644, -1.56977","7.84e-06, 0.000156","Liver Hepatocellular Carcinoma, Endometrioid adenocarcinoma","Liver, Other","LIHC, EAC"
"RBP7","0.559534, -0.747288, -0.825815, -1.53368, -1.75799","1.14e-11, 1.24e-13, 1.96e-13, 3.5e-13, 2.99e-05","Liver Hepatocellular Carcinoma, Head and Neck Squamous Cell Carcinoma, Pancreatic ductal adenocarcinoma, Endometrioid adenocarcinoma, Uterine Corpus Endometrial Carcinoma","Liver, Head and Neck, Pancreas, Other, Female","LIHC, HNSC, PDAC, EAC, UCEC"
"RETN","1.11972, 0.678112, 0.553399, -0.657332, -0.860412, -1.32846","6.96e-07, 0.0117, 0.0148, 6.04e-06, 1.42e-18, 5.41e-20","Head and Neck Squamous Cell Carcinoma, Pancreatic ductal adenocarcinoma, Colon Adenocarcinoma, Lung Adenocarcinoma, Liver Hepatocellular Carcinoma, Kidney Renal Clear Cell Carcinoma","Head and Neck, Pancreas, Intestine, Lung, Liver, Kidney","HNSC, PDAC, COAD, LUAD, LIHC, KIRC"
"RGS2","-0.52953, -1.18616","0.00599, 0.00111","Lung Squamous Cell Carcinoma, Endometrioid adenocarcinoma","Lung, Other","LUSC, EAC"
"RIPOR2","-0.591037","7.15e-05","Endometrioid adenocarcinoma","Other","EAC"
"RNASE2","-0.887464, -1.38187","1.62e-34, 2.79e-24","Liver Hepatocellular Carcinoma, Kidney Renal Clear Cell Carcinoma","Liver, Kidney","LIHC, KIRC"
"RNASE6","-1.58742","3.13e-24","Kidney Renal Clear Cell Carcinoma","Kidney","KIRC"
"RNASET2","0.752104, 0.50411","0.0273, 0.013","Glioblastoma Multiforme, Endometrioid adenocarcinoma","Brain, Other","GBM, EAC"
"RNF20","0.547388","1.48e-07","Ovary Serous Cystadenocarcinoma","Female","OV"
"RPL17","0.576793, -0.819307","4.53e-06, 2.39e-18","Ovary Serous Cystadenocarcinoma, Pancreatic ductal adenocarcinoma","Female, Pancreas","OV, PDAC"
"RPL36A","0.746022, 0.637287","5.69e-18, 1.5e-24","Kidney Renal Clear Cell Carcinoma, Colon Adenocarcinoma","Kidney, Intestine","KIRC, COAD"
"RPS15","0.75238, 0.532104, -1.23988","7.86e-05, 0.014, 1.28e-22","Ovary Serous Cystadenocarcinoma, Glioblastoma Multiforme, Pancreatic ductal adenocarcinoma","Female, Brain, Pancreas","OV, GBM, PDAC"
"S100A10","0.689401, 0.59492, -0.899705, -0.982108","1.83e-20, 1e-12, 2.61e-28, 1.25e-30","Kidney Renal Clear Cell Carcinoma, Pancreatic ductal adenocarcinoma, Lung Squamous Cell Carcinoma, Lung Adenocarcinoma","Kidney, Pancreas, Lung, Lung","KIRC, PDAC, LUSC, LUAD"
"S100A12","1.1523, 0.795836, 0.654602, -0.640287, -0.655827, -0.952635","1.06e-10, 4.81e-05, 0.00103, 3.85e-10, 0.000294, 0.0284","Colon Adenocarcinoma, Head and Neck Squamous Cell Carcinoma, Kidney Renal Clear Cell Carcinoma, Liver Hepatocellular Carcinoma, Lung Adenocarcinoma, Ovary Serous Cystadenocarcinoma","Intestine, Head and Neck, Kidney, Liver, Lung, Female","COAD, HNSC, KIRC, LIHC, LUAD, OV"
"S100A6","1.47762, 1.11363, -0.934746","0.00293, 3.08e-23, 2.54e-25","Glioblastoma Multiforme, Pancreatic ductal adenocarcinoma, Lung Squamous Cell Carcinoma","Brain, Pancreas, Lung","GBM, PDAC, LUSC"
"S100A8","1.30568, 1.22504, 1.16228, 1.03124, 1.00103, -0.552447, -1.95122","0.000354, 0.0216, 3.03e-08, 1.63e-10, 0.00018, 5.87e-07, 6.02e-05","Endometrioid adenocarcinoma, Uterine Corpus Endometrial Carcinoma, Colon Adenocarcinoma, Kidney Renal Clear Cell Carcinoma, Pancreatic ductal adenocarcinoma, Liver Hepatocellular Carcinoma, Ovary Serous Cystadenocarcinoma","Other, Female, Intestine, Kidney, Pancreas, Liver, Female","EAC, UCEC, COAD, KIRC, PDAC, LIHC, OV"
"S100A9","1.34781, 1.20363, 1.04551, 1.02801, -0.514171, -1.83773","0.000194, 0.0185, 2.86e-07, 4.44e-11, 1.38e-08, 0.0011","Endometrioid adenocarcinoma, Uterine Corpus Endometrial Carcinoma, Colon Adenocarcinoma, Kidney Renal Clear Cell Carcinoma, Liver Hepatocellular Carcinoma, Ovary Serous Cystadenocarcinoma","Other, Female, Intestine, Kidney, Liver, Female","EAC, UCEC, COAD, KIRC, LIHC, OV"
"S100P","1.66367, 1.53112","1.95e-22, 6.8e-23","Pancreatic ductal adenocarcinoma, Colon Adenocarcinoma","Pancreas, Intestine","PDAC, COAD"
"SDS","1.70915, 0.71091, 0.694857, 0.584004, 0.537825, -1.63511","6.69e-24, 2.2e-12, 0.000638, 0.0196, 0.00573, 2.82e-26","Kidney Renal Clear Cell Carcinoma, Lung Squamous Cell Carcinoma, Head and Neck Squamous Cell Carcinoma, Pancreatic ductal adenocarcinoma, Lung Adenocarcinoma, Liver Hepatocellular Carcinoma","Kidney, Lung, Head and Neck, Pancreas, Lung, Liver","KIRC, LUSC, HNSC, PDAC, LUAD, LIHC"
"SELL","0.547741, -0.684569, -0.71162, -0.72876, -0.795673, -0.886005","8.84e-06, 8.34e-17, 1.34e-11, 2.2e-22, 2.71e-05, 3.05e-13","Pancreatic ductal adenocarcinoma, Lung Squamous Cell Carcinoma, Head and Neck Squamous Cell Carcinoma, Lung Adenocarcinoma, Uterine Corpus Endometrial Carcinoma, Endometrioid adenocarcinoma","Pancreas, Lung, Head and Neck, Lung, Female, Other","PDAC, LUSC, HNSC, LUAD, UCEC, EAC"
"SELP","-0.824859, -0.989414, -1.0836, -1.24473, -1.30061","6.07e-10, 0.00228, 2.82e-19, 2.72e-30, 3.04e-30","Endometrioid adenocarcinoma, Ovary Serous Cystadenocarcinoma, Head and Neck Squamous Cell Carcinoma, Lung Adenocarcinoma, Lung Squamous Cell Carcinoma","Other, Female, Head and Neck, Lung, Lung","EAC, OV, HNSC, LUAD, LUSC"
"SEMA7A","0.940078, 0.647793, -1.76776","1.57e-13, 3.54e-05, 0.00455","Pancreatic ductal adenocarcinoma, Kidney Renal Clear Cell Carcinoma, Glioblastoma Multiforme","Pancreas, Kidney, Brain","PDAC, KIRC, GBM"
"SERPINB3","1.06225","0.00699","Pancreatic ductal adenocarcinoma","Pancreas","PDAC"
"SERPINB9","0.580637","2.18e-14","Pancreatic ductal adenocarcinoma","Pancreas","PDAC"
"SERPINH1","1.39009, 1.06036, 0.889658, 0.822572, 0.76777, 0.697284, 0.676119","0.00507, 4.4e-19, 1.63e-23, 5.09e-24, 2.01e-15, 6e-24, 4.09e-24","Glioblastoma Multiforme, Head and Neck Squamous Cell Carcinoma, Kidney Renal Clear Cell Carcinoma, Colon Adenocarcinoma, Pancreatic ductal adenocarcinoma, Lung Squamous Cell Carcinoma, Lung Adenocarcinoma","Brain, Head and Neck, Kidney, Intestine, Pancreas, Lung, Lung","GBM, HNSC, KIRC, COAD, PDAC, LUSC, LUAD"
"SIGLEC1","0.772155, -0.912069, -0.924368","3.3e-12, 2.16e-15, 2.69e-36","Kidney Renal Clear Cell Carcinoma, Colon Adenocarcinoma, Liver Hepatocellular Carcinoma","Kidney, Intestine, Liver","KIRC, COAD, LIHC"
"SLC12A8","0.741157, -0.835582","0.000584, 3.42e-06","Endometrioid adenocarcinoma, Pancreatic ductal adenocarcinoma","Other, Pancreas","EAC, PDAC"
"SLC15A3","-0.669212","1.13e-11","Lung Squamous Cell Carcinoma","Lung","LUSC"
"SLC25A37","-0.614163","3.4e-10","Liver Hepatocellular Carcinoma","Liver","LIHC"
"SLC2A3","1.6674, 1.14591, 0.819956, -1.62761","2.12e-25, 1.39e-14, 5.45e-10, 0.00386","Kidney Renal Clear Cell Carcinoma, Pancreatic ductal adenocarcinoma, Head and Neck Squamous Cell Carcinoma, Glioblastoma Multiforme","Kidney, Pancreas, Head and Neck, Brain","KIRC, PDAC, HNSC, GBM"
"SLCO2B1","0.528774, -0.78413, -1.12262","4.45e-07, 5.15e-20, 2.03e-40","Kidney Renal Clear Cell Carcinoma, Lung Squamous Cell Carcinoma, Liver Hepatocellular Carcinoma","Kidney, Lung, Liver","KIRC, LUSC, LIHC"
"SLPI","1.51533, 0.590337, -0.805405, -0.996426, -2.82601","1.92e-19, 0.0131, 3.25e-06, 7.17e-12, 1.18e-25","Pancreatic ductal adenocarcinoma, Liver Hepatocellular Carcinoma, Lung Squamous Cell Carcinoma, Colon Adenocarcinoma, Kidney Renal Clear Cell Carcinoma","Pancreas, Liver, Lung, Intestine, Kidney","PDAC, LIHC, LUSC, COAD, KIRC"
"SOD2","0.668048","8.69e-14","Kidney Renal Clear Cell Carcinoma","Kidney","KIRC"
"SPINT2","1.34605, 1.09133, 0.843919, 0.75209, 0.73028, 0.652174, 0.643828","2.48e-13, 2.99e-24, 0.000617, 5.8e-16, 2.02e-14, 5.2e-07, 0.000269","Endometrioid adenocarcinoma, Lung Squamous Cell Carcinoma, Uterine Corpus Endometrial Carcinoma, Colon Adenocarcinoma, Lung Adenocarcinoma, Pancreatic ductal adenocarcinoma, Head and Neck Squamous Cell Carcinoma","Other, Lung, Female, Intestine, Lung, Pancreas, Head and Neck","EAC, LUSC, UCEC, COAD, LUAD, PDAC, HNSC"
"SRGN","-0.588744, -0.606335","3.35e-16, 2.57e-14","Lung Adenocarcinoma, Lung Squamous Cell Carcinoma","Lung, Lung","LUAD, LUSC"
"STAB1","0.939944, -0.51387, -0.577359, -0.619033, -0.733214, -0.766404","0.0303, 6.94e-16, 5.83e-10, 2.64e-35, 2.43e-06, 1.93e-28","Glioblastoma Multiforme, Lung Squamous Cell Carcinoma, Head and Neck Squamous Cell Carcinoma, Liver Hepatocellular Carcinoma, Ovary Serous Cystadenocarcinoma, Colon Adenocarcinoma","Brain, Lung, Head and Neck, Liver, Female, Intestine","GBM, LUSC, HNSC, LIHC, OV, COAD"
"STAT1","0.95789, 0.922205, 0.618604, 0.568758","1.23e-23, 6.2e-16, 1.38e-14, 2e-07","Kidney Renal Clear Cell Carcinoma, Head and Neck Squamous Cell Carcinoma, Colon Adenocarcinoma, Endometrioid adenocarcinoma","Kidney, Head and Neck, Intestine, Other","KIRC, HNSC, COAD, EAC"
"STAT3","0.686561","0.00386","Glioblastoma Multiforme","Brain","GBM"
"SULF1","1.69019, 1.59886, 1.35428, 0.992697, 0.879582, 0.780171, 0.707111","1.07e-25, 2.82e-19, 3.15e-27, 1.37e-17, 2.1e-05, 0.00179, 4.02e-10","Pancreatic ductal adenocarcinoma, Head and Neck Squamous Cell Carcinoma, Lung Squamous Cell Carcinoma, Lung Adenocarcinoma, Endometrioid adenocarcinoma, Uterine Corpus Endometrial Carcinoma, Colon Adenocarcinoma","Pancreas, Head and Neck, Lung, Lung, Other, Female, Intestine","PDAC, HNSC, LUSC, LUAD, EAC, UCEC, COAD"
"TAP2","1.3967, 1.25235, 1.08607, 0.708313","0.0048, 7.17e-24, 1.52e-16, 3.12e-12","Glioblastoma Multiforme, Kidney Renal Clear Cell Carcinoma, Head and Neck Squamous Cell Carcinoma, Pancreatic ductal adenocarcinoma","Brain, Kidney, Head and Neck, Pancreas","GBM, KIRC, HNSC, PDAC"
"TFF3","1.11491, -1.27742, -2.38487","1.51e-05, 7.47e-17, 3.34e-24","Pancreatic ductal adenocarcinoma, Colon Adenocarcinoma, Kidney Renal Clear Cell Carcinoma","Pancreas, Intestine, Kidney","PDAC, COAD, KIRC"
"TFRC","0.981102, 0.964702, 0.935812, 0.900293, 0.870958, 0.753468, 0.720642, 0.67621","4.96e-06, 4.58e-15, 6.05e-28, 7.05e-07, 2.55e-21, 1.41e-17, 3.14e-11, 3.2e-15","Uterine Corpus Endometrial Carcinoma, Head and Neck Squamous Cell Carcinoma, Liver Hepatocellular Carcinoma, Endometrioid adenocarcinoma, Pancreatic ductal adenocarcinoma, Colon Adenocarcinoma, Lung Squamous Cell Carcinoma, Kidney Renal Clear Cell Carcinoma","Female, Head and Neck, Liver, Other, Pancreas, Intestine, Lung, Kidney","UCEC, HNSC, LIHC, EAC, PDAC, COAD, LUSC, KIRC"
"TGFB1","1.35197, 0.930659, 0.925582, 0.552799","0.00327, 7.44e-23, 1.82e-18, 7.59e-14","Glioblastoma Multiforme, Kidney Renal Clear Cell Carcinoma, Pancreatic ductal adenocarcinoma, Head and Neck Squamous Cell Carcinoma","Brain, Kidney, Pancreas, Head and Neck","GBM, KIRC, PDAC, HNSC"
"TGFBI","0.69711, 0.688023","1.26e-12, 2.59e-07","Pancreatic ductal adenocarcinoma, Kidney Renal Clear Cell Carcinoma","Pancreas, Kidney","PDAC, KIRC"
"TGM3","-2.07279","2.55e-18","Head and Neck Squamous Cell Carcinoma","Head and Neck","HNSC"
"TIAM2","-2.59359","0.00222","Glioblastoma Multiforme","Brain","GBM"
"TIMP1","0.794839, 0.597602, 0.588161, 0.524763","1.09e-16, 3.35e-13, 6.32e-10, 1.88e-10","Colon Adenocarcinoma, Pancreatic ductal adenocarcinoma, Lung Squamous Cell Carcinoma, Lung Adenocarcinoma","Intestine, Pancreas, Lung, Lung","COAD, PDAC, LUSC, LUAD"
"TLR2","0.793806, 0.638345","1.7e-17, 2.94e-11","Kidney Renal Clear Cell Carcinoma, Head and Neck Squamous Cell Carcinoma","Kidney, Head and Neck","KIRC, HNSC"
"TLR7","0.642298","3.21e-13","Kidney Renal Clear Cell Carcinoma","Kidney","KIRC"
"TLR8","0.9022, -0.697676","1.35e-06, 5.86e-21","Kidney Renal Clear Cell Carcinoma, Lung Squamous Cell Carcinoma","Kidney, Lung","KIRC, LUSC"
"TMEM176B","0.687592","0.00339","Lung Adenocarcinoma","Lung","LUAD"
"TMPRSS11D","-0.555817, -0.724444","3.4e-05, 2.06e-08","Lung Squamous Cell Carcinoma, Head and Neck Squamous Cell Carcinoma","Lung, Head and Neck","LUSC, HNSC"
"TNFSF10","0.919355, -0.55105","7.06e-06, 6.85e-11","Pancreatic ductal adenocarcinoma, Lung Adenocarcinoma","Pancreas, Lung","PDAC, LUAD"
"TPSAB1","-0.931409, -1.11041, -1.533, -1.8313","2.61e-11, 0.0115, 7.33e-22, 1.17e-08","Head and Neck Squamous Cell Carcinoma, Endometrioid adenocarcinoma, Colon Adenocarcinoma, Ovary Serous Cystadenocarcinoma","Head and Neck, Other, Intestine, Female","HNSC, EAC, COAD, OV"
"TPSD1","-0.529986, -1.14546, -1.20784, -1.48254, -1.5201","4.67e-07, 1.95e-16, 3.71e-25, 0.000177, 3.88e-27","Pancreatic ductal adenocarcinoma, Head and Neck Squamous Cell Carcinoma, Lung Adenocarcinoma, Endometrioid adenocarcinoma, Lung Squamous Cell Carcinoma","Pancreas, Head and Neck, Lung, Other, Lung","PDAC, HNSC, LUAD, EAC, LUSC"
"TPST1","1.19523, 0.516418, -0.627034, -1.06108","0.00262, 3.15e-08, 0.00958, 2.55e-13","Glioblastoma Multiforme, Head and Neck Squamous Cell Carcinoma, Uterine Corpus Endometrial Carcinoma, Pancreatic ductal adenocarcinoma","Brain, Head and Neck, Female, Pancreas","GBM, HNSC, UCEC, PDAC"
"TREM2","-0.987794","6.36e-12","Lung Adenocarcinoma","Lung","LUAD"
"TRPV4","0.692377","7.31e-09","Lung Squamous Cell Carcinoma","Lung","LUSC"
"TSPO","0.559963","6.91e-06","Pancreatic ductal adenocarcinoma","Pancreas","PDAC"
"VAMP5","0.85168, 0.760323, -0.609444, -0.888023, -0.896639, -0.980909, -1.073","1.8e-08, 4.58e-19, 7.94e-19, 1.61e-28, 1.74e-24, 9.15e-13, 4.27e-06","Pancreatic ductal adenocarcinoma, Kidney Renal Clear Cell Carcinoma, Colon Adenocarcinoma, Lung Squamous Cell Carcinoma, Lung Adenocarcinoma, Endometrioid adenocarcinoma, Uterine Corpus Endometrial Carcinoma","Pancreas, Kidney, Intestine, Lung, Lung, Other, Female","PDAC, KIRC, COAD, LUSC, LUAD, EAC, UCEC"
"VCAN","1.18892, 1.10299, 1.08429, 0.850638, 0.84595, 0.627436, 0.551942, -0.679422","1.23e-10, 1.26e-19, 1.51e-08, 2.72e-14, 5.34e-18, 1.91e-07, 0.0275, 0.0388","Kidney Renal Clear Cell Carcinoma, Pancreatic ductal adenocarcinoma, Liver Hepatocellular Carcinoma, Lung Squamous Cell Carcinoma, Lung Adenocarcinoma, Colon Adenocarcinoma, Head and Neck Squamous Cell Carcinoma, Endometrioid adenocarcinoma","Kidney, Pancreas, Liver, Lung, Lung, Intestine, Head and Neck, Other","KIRC, PDAC, LIHC, LUSC, LUAD, COAD, HNSC, EAC"
"VEGFA","1.15723, 0.710043, 0.601904, 0.555304","4.59e-16, 1.58e-08, 0.0361, 3.09e-05","Kidney Renal Clear Cell Carcinoma, Lung Adenocarcinoma, Uterine Corpus Endometrial Carcinoma, Lung Squamous Cell Carcinoma","Kidney, Lung, Female, Lung","KIRC, LUAD, UCEC, LUSC"
"VIM","1.45243, 1.05754, -0.533518, -0.62103, -0.774496","0.00222, 2.49e-24, 5.65e-06, 4.72e-16, 6.81e-29","Glioblastoma Multiforme, Kidney Renal Clear Cell Carcinoma, Endometrioid adenocarcinoma, Head and Neck Squamous Cell Carcinoma, Lung Squamous Cell Carcinoma","Brain, Kidney, Other, Head and Neck, Lung","GBM, KIRC, EAC, HNSC, LUSC"
"VNN1","0.783942, -0.505761, -0.675287","0.000146, 0.000163, 0.000817","Pancreatic ductal adenocarcinoma, Lung Adenocarcinoma, Kidney Renal Clear Cell Carcinoma","Pancreas, Lung, Kidney","PDAC, LUAD, KIRC"
"VNN2","0.754948, 0.642363, -0.509356","0.000634, 0.00195, 2.03e-06","Kidney Renal Clear Cell Carcinoma, Pancreatic ductal adenocarcinoma, Lung Adenocarcinoma","Kidney, Pancreas, Lung","KIRC, PDAC, LUAD"
"WFDC2","1.50501, 0.90523, -1.88426","8.26e-16, 1.33e-09, 5.6e-15","Pancreatic ductal adenocarcinoma, Lung Adenocarcinoma, Kidney Renal Clear Cell Carcinoma","Pancreas, Lung, Kidney","PDAC, LUAD, KIRC"
"WNT5A","1.21176, 0.894172, 0.510048, -0.84086","6.26e-16, 5.65e-09, 2.46e-05, 0.000851","Lung Squamous Cell Carcinoma, Pancreatic ductal adenocarcinoma, Lung Adenocarcinoma, Uterine Corpus Endometrial Carcinoma","Lung, Pancreas, Lung, Female","LUSC, PDAC, LUAD, UCEC"
"XAF1","1.07826, 1.06163, 0.597089","1.48e-13, 1.55e-15, 0.042","Head and Neck Squamous Cell Carcinoma, Pancreatic ductal adenocarcinoma, Kidney Renal Clear Cell Carcinoma","Head and Neck, Pancreas, Kidney","HNSC, PDAC, KIRC"
"YBX1","1.46183, 1.01117, 0.718805, 0.678976, 0.5018, -0.507166","0.00222, 2.81e-06, 3.71e-29, 9.67e-29, 6.72e-11, 7.13e-10","Glioblastoma Multiforme, Ovary Serous Cystadenocarcinoma, Lung Adenocarcinoma, Lung Squamous Cell Carcinoma, Endometrioid adenocarcinoma, Pancreatic ductal adenocarcinoma","Brain, Female, Lung, Lung, Other, Pancreas","GBM, OV, LUAD, LUSC, EAC, PDAC"
"YWHAH","0.582268, -1.2754","7e-27, 0.00222","Kidney Renal Clear Cell Carcinoma, Glioblastoma Multiforme","Kidney, Brain","KIRC, GBM"
"ZBTB16","-0.878164, -1.1015, -1.45912, -1.59912","4.13e-23, 0.00277, 4.24e-06, 2.28e-28","Lung Adenocarcinoma, Glioblastoma Multiforme, Endometrioid adenocarcinoma, Lung Squamous Cell Carcinoma","Lung, Brain, Other, Lung","LUAD, GBM, EAC, LUSC"
"ZFP36L2","1.40386","0.00235","Glioblastoma Multiforme","Brain","GBM"
